date,close,Id
2016-01-01,434.98,1
2016-01-02,433.74,2
2016-01-03,430.85,3
2016-01-04,433.97,4
2016-01-05,431.89,5
2016-01-06,431.84,6
2016-01-07,457.79,7
2016-01-08,451.32,8
2016-01-09,449.95,9
2016-01-10,447.21,10
2016-01-11,448.99,11
2016-01-12,446.27,12
2016-01-13,432.53,13
2016-01-14,429.22,14
2016-01-15,372.85,15
2016-01-16,386.43,16
2016-01-17,382.85,17
2016-01-18,385.0,18
2016-01-19,379.88,19
2016-01-20,410.93,20
2016-01-21,410.03,21
2016-01-22,381.78,22
2016-01-23,386.92,23
2016-01-24,402.5,24
2016-01-25,392.58,25
2016-01-26,390.66,26
2016-01-27,395.0,27
2016-01-28,379.16,28
2016-01-29,379.44,29
2016-01-30,376.6,30
2016-01-31,370.0,31
2016-02-01,371.5,32
2016-02-02,373.18,33
2016-02-03,367.64,34
2016-02-04,390.0,35
2016-02-05,385.88,36
2016-02-06,374.27,37
2016-02-07,375.4,38
2016-02-08,371.16,39
2016-02-09,373.16,40
2016-02-10,379.86,41
2016-02-11,377.99,42
2016-02-12,382.88,43
2016-02-13,389.51,44
2016-02-14,403.95,45
2016-02-15,399.0,46
2016-02-16,406.47,47
2016-02-17,415.52,48
2016-02-18,420.31,49
2016-02-19,419.27,50
2016-02-20,440.24,51
2016-02-21,437.7,52
2016-02-22,437.97,53
2016-02-23,420.05,54
2016-02-24,422.61,55
2016-02-25,423.51,56
2016-02-26,427.8,57
2016-02-27,431.06,58
2016-02-28,432.16,59
2016-02-29,436.62,60
2016-03-01,433.31,61
2016-03-02,425.18,62
2016-03-03,420.27,63
2016-03-04,409.97,64
2016-03-05,398.5,65
2016-03-06,404.78,66
2016-03-07,414.76,67
2016-03-08,412.13,68
2016-03-09,412.66,69
2016-03-10,416.5,70
2016-03-11,418.1,71
2016-03-12,410.47,72
2016-03-13,412.64,73
2016-03-14,413.85,74
2016-03-15,415.89,75
2016-03-16,416.49,76
2016-03-17,418.49,77
2016-03-18,408.21,78
2016-03-19,408.94,79
2016-03-20,411.34,80
2016-03-21,410.99,81
2016-03-22,415.89,82
2016-03-23,417.22,83
2016-03-24,415.96,84
2016-03-25,416.25,85
2016-03-26,416.77,86
2016-03-27,424.3,87
2016-03-28,422.05,88
2016-03-29,415.4,89
2016-03-30,413.09,90
2016-03-31,415.51,91
2016-04-01,415.38,92
2016-04-02,419.19,93
2016-04-03,419.0,94
2016-04-04,418.65,95
2016-04-05,422.6,96
2016-04-06,421.63,97
2016-04-07,419.84,98
2016-04-08,418.13,99
2016-04-09,418.37,100
2016-04-10,420.77,101
2016-04-11,422.08,102
2016-04-12,425.91,103
2016-04-13,423.26,104
2016-04-14,424.51,105
2016-04-15,429.25,106
2016-04-16,430.68,107
2016-04-17,426.75,108
2016-04-18,428.07,109
2016-04-19,435.25,110
2016-04-20,441.25,111
2016-04-21,451.0,112
2016-04-22,447.8,113
2016-04-23,451.31,114
2016-04-24,459.4,115
2016-04-25,465.99,116
2016-04-26,468.0,117
2016-04-27,447.46,118
2016-04-28,450.0,119
2016-04-29,454.77,120
2016-04-30,446.7,121
2016-05-01,451.4,122
2016-05-02,443.54,123
2016-05-03,451.7,124
2016-05-04,446.3,125
2016-05-05,448.82,126
2016-05-06,459.73,127
2016-05-07,458.15,128
2016-05-08,457.81,129
2016-05-09,461.63,130
2016-05-10,449.91,131
2016-05-11,452.01,132
2016-05-12,454.92,133
2016-05-13,456.04,134
2016-05-14,455.38,135
2016-05-15,457.48,136
2016-05-16,455.56,137
2016-05-17,453.01,138
2016-05-18,452.94,139
2016-05-19,441.63,140
2016-05-20,441.97,141
2016-05-21,442.84,142
2016-05-22,437.85,143
2016-05-23,442.29,144
2016-05-24,445.31,145
2016-05-25,448.02,146
2016-05-26,452.38,147
2016-05-27,472.68,148
2016-05-28,521.5,149
2016-05-29,513.85,150
2016-05-30,527.0,151
2016-05-31,532.06,152
2016-06-01,538.65,153
2016-06-02,538.98,154
2016-06-03,567.94,155
2016-06-04,573.87,156
2016-06-05,573.76,157
2016-06-06,583.49,158
2016-06-07,576.75,159
2016-06-08,583.24,160
2016-06-09,576.4,161
2016-06-10,577.91,162
2016-06-11,592.13,163
2016-06-12,667.94,164
2016-06-13,702.05,165
2016-06-14,685.69,166
2016-06-15,693.01,167
2016-06-16,765.6,168
2016-06-17,746.99,169
2016-06-18,755.02,170
2016-06-19,760.55,171
2016-06-20,734.99,172
2016-06-21,668.42,173
2016-06-22,594.1,174
2016-06-23,624.69,175
2016-06-24,656.71,176
2016-06-25,663.24,177
2016-06-26,628.61,178
2016-06-27,648.2,179
2016-06-28,645.39,180
2016-06-29,634.43,181
2016-06-30,666.84,182
2016-07-01,677.0,183
2016-07-02,702.48,184
2016-07-03,664.14,185
2016-07-04,678.72,186
2016-07-05,666.58,187
2016-07-06,674.46,188
2016-07-07,636.39,189
2016-07-08,664.0,190
2016-07-09,652.54,191
2016-07-10,646.55,192
2016-07-11,647.42,193
2016-07-12,671.7,194
2016-07-13,661.5,195
2016-07-14,660.53,196
2016-07-15,664.99,197
2016-07-16,662.0,198
2016-07-17,678.23,199
2016-07-18,673.46,200
2016-07-19,673.86,201
2016-07-20,667.02,202
2016-07-21,664.25,203
2016-07-22,652.95,204
2016-07-23,653.8,205
2016-07-24,659.51,206
2016-07-25,654.37,207
2016-07-26,652.22,208
2016-07-27,655.63,209
2016-07-28,653.44,210
2016-07-29,657.03,211
2016-07-30,654.37,212
2016-07-31,620.01,213
2016-08-01,607.61,214
2016-08-02,514.98,215
2016-08-03,565.63,216
2016-08-04,575.52,217
2016-08-05,576.64,218
2016-08-06,588.78,219
2016-08-07,592.6,220
2016-08-08,589.46,221
2016-08-09,583.53,222
2016-08-10,591.7,223
2016-08-11,587.57,224
2016-08-12,586.0,225
2016-08-13,582.11,226
2016-08-14,567.45,227
2016-08-15,565.79,228
2016-08-16,577.53,229
2016-08-17,570.47,230
2016-08-18,569.71,231
2016-08-19,572.11,232
2016-08-20,580.0,233
2016-08-21,578.47,234
2016-08-22,583.85,235
2016-08-23,580.71,236
2016-08-24,577.11,237
2016-08-25,576.99,238
2016-08-26,577.84,239
2016-08-27,567.41,240
2016-08-28,573.0,241
2016-08-29,571.5,242
2016-08-30,575.23,243
2016-08-31,570.76,244
2016-09-01,571.6,245
2016-09-02,572.0,246
2016-09-03,592.5,247
2016-09-04,604.25,248
2016-09-05,603.74,249
2016-09-06,608.96,250
2016-09-07,614.39,251
2016-09-08,625.66,252
2016-09-09,622.0,253
2016-09-10,622.01,254
2016-09-11,603.8,255
2016-09-12,607.0,256
2016-09-13,607.73,257
2016-09-14,607.89,258
2016-09-15,605.21,259
2016-09-16,605.9,260
2016-09-17,604.04,261
2016-09-18,608.0,262
2016-09-19,607.88,263
2016-09-20,606.95,264
2016-09-21,594.66,265
2016-09-22,593.95,266
2016-09-23,602.53,267
2016-09-24,600.14,268
2016-09-25,597.41,269
2016-09-26,604.28,270
2016-09-27,604.57,271
2016-09-28,603.71,272
2016-09-29,604.96,273
2016-09-30,608.26,274
2016-10-01,612.0,275
2016-10-02,608.59,276
2016-10-03,611.06,277
2016-10-04,607.18,278
2016-10-05,610.98,279
2016-10-06,610.34,280
2016-10-07,614.23,281
2016-10-08,614.48,282
2016-10-09,613.61,283
2016-10-10,615.37,284
2016-10-11,638.91,285
2016-10-12,635.06,286
2016-10-13,635.61,287
2016-10-14,638.38,288
2016-10-15,636.01,289
2016-10-16,638.09,290
2016-10-17,635.69,291
2016-10-18,635.58,292
2016-10-19,627.98,293
2016-10-20,627.72,294
2016-10-21,628.99,295
2016-10-22,655.0,296
2016-10-23,649.69,297
2016-10-24,648.14,298
2016-10-25,648.33,299
2016-10-26,673.14,300
2016-10-27,682.67,301
2016-10-28,685.29,302
2016-10-29,712.06,303
2016-10-30,696.36,304
2016-10-31,697.67,305
2016-11-01,726.6,306
2016-11-02,732.99,307
2016-11-03,681.03,308
2016-11-04,702.98,309
2016-11-05,703.63,310
2016-11-06,710.22,311
2016-11-07,706.5,312
2016-11-08,710.19,313
2016-11-09,720.44,314
2016-11-10,714.5,315
2016-11-11,715.82,316
2016-11-12,703.0,317
2016-11-13,701.51,318
2016-11-14,704.7,319
2016-11-15,710.82,320
2016-11-16,737.99,321
2016-11-17,737.0,322
2016-11-18,745.99,323
2016-11-19,749.57,324
2016-11-20,727.09,325
2016-11-21,736.97,326
2016-11-22,746.61,327
2016-11-23,740.17,328
2016-11-24,735.7,329
2016-11-25,737.03,330
2016-11-26,729.87,331
2016-11-27,726.12,332
2016-11-28,730.98,333
2016-11-29,730.99,334
2016-11-30,742.06,335
2016-12-01,751.6,336
2016-12-02,769.99,337
2016-12-03,762.79,338
2016-12-04,761.99,339
2016-12-05,750.0,340
2016-12-06,758.91,341
2016-12-07,766.85,342
2016-12-08,767.96,343
2016-12-09,769.49,344
2016-12-10,772.35,345
2016-12-11,768.19,346
2016-12-12,777.93,347
2016-12-13,778.71,348
2016-12-14,776.29,349
2016-12-15,774.79,350
2016-12-16,780.35,351
2016-12-17,788.4,352
2016-12-18,788.68,353
2016-12-19,790.65,354
2016-12-20,801.02,355
2016-12-21,828.1,356
2016-12-22,858.94,357
2016-12-23,916.0,358
2016-12-24,892.63,359
2016-12-25,891.67,360
2016-12-26,899.1,361
2016-12-27,929.92,362
2016-12-28,975.97,363
2016-12-29,968.99,364
2016-12-30,959.03,365
2016-12-31,964.32,366
2017-01-01,998.8,367
2017-01-02,1014.1,368
2017-01-03,1036.99,369
2017-01-04,1122.56,370
2017-01-05,994.02,371
2017-01-06,891.56,372
2017-01-07,897.14,373
2017-01-08,906.17,374
2017-01-09,899.99,375
2017-01-10,907.96,376
2017-01-11,788.81,377
2017-01-12,816.0,378
2017-01-13,826.9,379
2017-01-14,819.66,380
2017-01-15,822.47,381
2017-01-16,829.62,382
2017-01-17,906.08,383
2017-01-18,876.74,384
2017-01-19,900.46,385
2017-01-20,895.62,386
2017-01-21,921.1,387
2017-01-22,919.39,388
2017-01-23,921.39,389
2017-01-24,893.0,390
2017-01-25,892.95,391
2017-01-26,916.34,392
2017-01-27,917.84,393
2017-01-28,917.75,394
2017-01-29,913.1,395
2017-01-30,921.08,396
2017-01-31,965.01,397
2017-02-01,983.36,398
2017-02-02,1008.18,399
2017-02-03,1012.64,400
2017-02-04,1034.44,401
2017-02-05,1014.57,402
2017-02-06,1023.7,403
2017-02-07,1054.12,404
2017-02-08,1056.99,405
2017-02-09,981.96,406
2017-02-10,997.57,407
2017-02-11,1011.98,408
2017-02-12,1001.63,409
2017-02-13,1000.25,410
2017-02-14,1011.51,411
2017-02-15,1011.53,412
2017-02-16,1032.7,413
2017-02-17,1055.46,414
2017-02-18,1056.4,415
2017-02-19,1051.8,416
2017-02-20,1084.0,417
2017-02-21,1124.62,418
2017-02-22,1130.01,419
2017-02-23,1188.11,420
2017-02-24,1180.14,421
2017-02-25,1152.2,422
2017-02-26,1179.05,423
2017-02-27,1194.64,424
2017-02-28,1191.21,425
2017-03-01,1226.39,426
2017-03-02,1257.6,427
2017-03-03,1285.33,428
2017-03-04,1260.0,429
2017-03-05,1273.0,430
2017-03-06,1278.49,431
2017-03-07,1233.05,432
2017-03-08,1150.05,433
2017-03-09,1190.89,434
2017-03-10,1116.97,435
2017-03-11,1176.55,436
2017-03-12,1226.62,437
2017-03-13,1242.46,438
2017-03-14,1245.86,439
2017-03-15,1257.32,440
2017-03-16,1172.62,441
2017-03-17,1071.02,442
2017-03-18,969.4,443
2017-03-19,1017.97,444
2017-03-20,1035.96,445
2017-03-21,1114.39,446
2017-03-22,1037.56,447
2017-03-23,1029.65,448
2017-03-24,929.06,449
2017-03-25,956.02,450
2017-03-26,960.0,451
2017-03-27,1039.92,452
2017-03-28,1043.99,453
2017-03-29,1035.96,454
2017-03-30,1033.7,455
2017-03-31,1070.31,456
2017-04-01,1083.94,457
2017-04-02,1078.01,458
2017-04-03,1144.77,459
2017-04-04,1143.0,460
2017-04-05,1134.58,461
2017-04-06,1190.85,462
2017-04-07,1190.66,463
2017-04-08,1184.03,464
2017-04-09,1206.2,465
2017-04-10,1209.25,466
2017-04-11,1218.99,467
2017-04-12,1212.17,468
2017-04-13,1172.91,469
2017-04-14,1170.34,470
2017-04-15,1173.45,471
2017-04-16,1162.31,472
2017-04-17,1176.54,473
2017-04-18,1202.58,474
2017-04-19,1203.98,475
2017-04-20,1234.19,476
2017-04-21,1243.61,477
2017-04-22,1233.2,478
2017-04-23,1241.99,479
2017-04-24,1253.58,480
2017-04-25,1269.0,481
2017-04-26,1287.99,482
2017-04-27,1331.53,483
2017-04-28,1330.7,484
2017-04-29,1333.0,485
2017-04-30,1350.21,486
2017-05-01,1390.86,487
2017-05-02,1447.75,488
2017-05-03,1503.22,489
2017-05-04,1537.23,490
2017-05-05,1514.9,491
2017-05-06,1558.02,492
2017-05-07,1554.01,493
2017-05-08,1649.54,494
2017-05-09,1720.28,495
2017-05-10,1772.58,496
2017-05-11,1828.45,497
2017-05-12,1691.51,498
2017-05-13,1776.89,499
2017-05-14,1784.0,500
2017-05-15,1705.48,501
2017-05-16,1700.01,502
2017-05-17,1782.99,503
2017-05-18,1878.99,504
2017-05-19,1958.0,505
2017-05-20,2013.99,506
2017-05-21,2017.55,507
2017-05-22,2099.97,508
2017-05-23,2264.23,509
2017-05-24,2420.29,510
2017-05-25,2292.53,511
2017-05-26,2279.82,512
2017-05-27,2042.0,513
2017-05-28,2178.81,514
2017-05-29,2292.1,515
2017-05-30,2203.51,516
2017-05-31,2298.01,517
2017-06-01,2413.63,518
2017-06-02,2488.94,519
2017-06-03,2540.94,520
2017-06-04,2530.27,521
2017-06-05,2698.0,522
2017-06-06,2880.74,523
2017-06-07,2683.03,524
2017-06-08,2806.0,525
2017-06-09,2822.32,526
2017-06-10,2899.99,527
2017-06-11,2954.22,528
2017-06-12,2667.06,529
2017-06-13,2703.02,530
2017-06-14,2450.0,531
2017-06-15,2424.91,532
2017-06-16,2484.68,533
2017-06-17,2630.0,534
2017-06-18,2516.98,535
2017-06-19,2598.0,536
2017-06-20,2740.0,537
2017-06-21,2657.04,538
2017-06-22,2713.48,539
2017-06-23,2685.05,540
2017-06-24,2557.66,541
2017-06-25,2502.03,542
2017-06-26,2421.22,543
2017-06-27,2565.0,544
2017-06-28,2559.9,545
2017-06-29,2541.59,546
2017-06-30,2465.49,547
2017-07-01,2412.41,548
2017-07-02,2504.37,549
2017-07-03,2550.47,550
2017-07-04,2596.12,551
2017-07-05,2602.9,552
2017-07-06,2600.39,553
2017-07-07,2501.46,554
2017-07-08,2550.07,555
2017-07-09,2502.28,556
2017-07-10,2323.45,557
2017-07-11,2305.98,558
2017-07-12,2388.0,559
2017-07-13,2339.99,560
2017-07-14,2213.37,561
2017-07-15,1970.51,562
2017-07-16,1917.63,563
2017-07-17,2226.0,564
2017-07-18,2303.71,565
2017-07-19,2265.21,566
2017-07-20,2875.03,567
2017-07-21,2670.0,568
2017-07-22,2832.71,569
2017-07-23,2749.02,570
2017-07-24,2759.98,571
2017-07-25,2564.82,572
2017-07-26,2524.99,573
2017-07-27,2666.33,574
2017-07-28,2777.01,575
2017-07-29,2680.56,576
2017-07-30,2742.37,577
2017-07-31,2855.81,578
2017-08-01,2731.0,579
2017-08-02,2703.51,580
2017-08-03,2793.37,581
2017-08-04,2855.0,582
2017-08-05,3263.62,583
2017-08-06,3222.75,584
2017-08-07,3387.55,585
2017-08-08,3412.41,586
2017-08-09,3342.99,587
2017-08-10,3413.03,588
2017-08-11,3645.06,589
2017-08-12,3855.1,590
2017-08-13,4053.87,591
2017-08-14,4306.23,592
2017-08-15,4155.67,593
2017-08-16,4378.84,594
2017-08-17,4276.5,595
2017-08-18,4100.0,596
2017-08-19,4099.55,597
2017-08-20,4058.68,598
2017-08-21,3987.52,599
2017-08-22,4085.0,600
2017-08-23,4108.12,601
2017-08-24,4300.34,602
2017-08-25,4355.98,603
2017-08-26,4333.38,604
2017-08-27,4337.68,605
2017-08-28,4379.99,606
2017-08-29,4578.82,607
2017-08-30,4573.2,608
2017-08-31,4734.26,609
2017-09-01,4921.7,610
2017-09-02,4599.9,611
2017-09-03,4606.26,612
2017-09-04,4277.0,613
2017-09-05,4396.52,614
2017-09-06,4605.8,615
2017-09-07,4615.0,616
2017-09-08,4312.0,617
2017-09-09,4308.72,618
2017-09-10,4226.22,619
2017-09-11,4207.31,620
2017-09-12,4172.56,621
2017-09-13,3865.34,622
2017-09-14,3227.79,623
2017-09-15,3700.01,624
2017-09-16,3678.93,625
2017-09-17,3662.99,626
2017-09-18,4101.6,627
2017-09-19,3888.8,628
2017-09-20,3874.46,629
2017-09-21,3617.05,630
2017-09-22,3612.18,631
2017-09-23,3779.17,632
2017-09-24,3664.22,633
2017-09-25,3918.0,634
2017-09-26,3888.03,635
2017-09-27,4199.29,636
2017-09-28,4184.84,637
2017-09-29,4164.82,638
2017-09-30,4326.09,639
2017-10-01,4377.22,640
2017-10-02,4391.48,641
2017-10-03,4315.83,642
2017-10-04,4219.53,643
2017-10-05,4301.09,644
2017-10-06,4362.95,645
2017-10-07,4423.3,646
2017-10-08,4597.98,647
2017-10-09,4764.7,648
2017-10-10,4749.29,649
2017-10-11,4822.01,650
2017-10-12,5445.0,651
2017-10-13,5653.6,652
2017-10-14,5801.29,653
2017-10-15,5679.7,654
2017-10-16,5745.72,655
2017-10-17,5597.31,656
2017-10-18,5582.05,657
2017-10-19,5698.69,658
2017-10-20,5977.29,659
2017-10-21,6013.46,660
2017-10-22,5969.0,661
2017-10-23,5871.17,662
2017-10-24,5523.4,663
2017-10-25,5735.88,664
2017-10-26,5890.0,665
2017-10-27,5771.89,666
2017-10-28,5730.69,667
2017-10-29,6137.37,668
2017-10-30,6119.99,669
2017-10-31,6434.21,670
2017-11-01,6741.59,671
2017-11-02,7030.0,672
2017-11-03,7146.82,673
2017-11-04,7388.83,674
2017-11-05,7372.72,675
2017-11-06,6967.68,676
2017-11-07,7130.28,677
2017-11-08,7450.32,678
2017-11-09,7148.0,679
2017-11-10,6588.18,680
2017-11-11,6355.13,681
2017-11-12,5870.37,682
2017-11-13,6525.17,683
2017-11-14,6609.0,684
2017-11-15,7294.0,685
2017-11-16,7846.96,686
2017-11-17,7674.99,687
2017-11-18,7771.03,688
2017-11-19,8016.58,689
2017-11-20,8226.17,690
2017-11-21,8095.23,691
2017-11-22,8214.69,692
2017-11-23,7989.0,693
2017-11-24,8199.19,694
2017-11-25,8717.99,695
2017-11-26,9271.06,696
2017-11-27,9708.07,697
2017-11-28,9868.82,698
2017-11-29,9824.68,699
2017-11-30,9947.67,700
2017-12-01,10840.45,701
2017-12-02,10872.0,702
2017-12-03,11250.0,703
2017-12-04,11613.07,704
2017-12-05,11677.0,705
2017-12-06,13623.5,706
2017-12-07,16599.99,707
2017-12-08,15800.0,708
2017-12-09,14607.49,709
2017-12-10,14691.0,710
2017-12-11,16470.0,711
2017-12-12,16650.01,712
2017-12-13,16250.0,713
2017-12-14,16404.99,714
2017-12-15,17471.5,715
2017-12-16,19187.78,716
2017-12-17,18953.0,717
2017-12-18,18940.57,718
2017-12-19,17700.0,719
2017-12-20,16466.98,720
2017-12-21,15600.01,721
2017-12-22,14009.79,722
2017-12-23,14619.0,723
2017-12-24,14157.87,724
2017-12-25,13911.28,725
2017-12-26,15764.44,726
2017-12-27,15364.93,727
2017-12-28,14470.07,728
2017-12-29,14340.0,729
2017-12-30,12640.0,730
2017-12-31,13880.0,731
2018-01-01,13443.41,732
2018-01-02,14678.94,733
2018-01-03,15155.62,734
2018-01-04,15143.67,735
2018-01-05,16928.0,736
2018-01-06,17149.67,737
2018-01-07,16124.02,738
2018-01-08,14999.99,739
2018-01-09,14403.51,740
2018-01-10,14890.02,741
2018-01-11,13243.83,742
2018-01-12,13781.41,743
2018-01-13,14197.78,744
2018-01-14,13647.99,745
2018-01-15,13607.04,746
2018-01-16,11386.34,747
2018-01-17,11191.35,748
2018-01-18,11247.57,749
2018-01-19,11552.0,750
2018-01-20,12775.99,751
2018-01-21,11558.87,752
2018-01-22,10808.99,753
2018-01-23,10851.82,754
2018-01-24,11400.96,755
2018-01-25,11155.54,756
2018-01-26,11092.95,757
2018-01-27,11446.54,758
2018-01-28,11685.58,759
2018-01-29,11162.62,760
2018-01-30,9971.0,761
2018-01-31,10149.0,762
2018-02-01,8998.99,763
2018-02-02,8838.83,764
2018-02-03,9225.86,765
2018-02-04,8191.0,766
2018-02-05,6874.27,767
2018-02-06,7737.37,768
2018-02-07,7588.01,769
2018-02-08,8259.76,770
2018-02-09,8693.98,771
2018-02-10,8560.0,772
2018-02-11,8067.0,773
2018-02-12,8899.0,774
2018-02-13,8522.99,775
2018-02-14,9490.98,776
2018-02-15,10018.0,777
2018-02-16,10196.0,778
2018-02-17,11101.0,779
2018-02-18,10421.06,780
2018-02-19,11173.0,781
2018-02-20,11233.41,782
2018-02-21,10449.4,783
2018-02-22,9843.34,784
2018-02-23,10166.1,785
2018-02-24,9689.99,786
2018-02-25,9590.04,787
2018-02-26,10324.7,788
2018-02-27,10566.3,789
2018-02-28,10314.9,790
2018-03-01,10903.13,791
2018-03-02,11029.99,792
2018-03-03,11445.0,793
2018-03-04,11463.27,794
2018-03-05,11419.24,795
2018-03-06,10723.76,796
2018-03-07,9913.03,797
2018-03-08,9285.32,798
2018-03-09,9230.0,799
2018-03-10,8791.47,800
2018-03-11,9535.04,801
2018-03-12,9120.75,802
2018-03-13,9142.32,803
2018-03-14,8196.69,804
2018-03-15,8265.05,805
2018-03-16,8258.54,806
2018-03-17,7860.83,807
2018-03-18,8188.24,808
2018-03-19,8596.93,809
2018-03-20,8904.02,810
2018-03-21,8893.79,811
2018-03-22,8704.67,812
2018-03-23,8920.79,813
2018-03-24,8547.0,814
2018-03-25,8453.9,815
2018-03-26,8149.66,816
2018-03-27,7791.7,817
2018-03-28,7932.41,818
2018-03-29,7088.38,819
2018-03-30,6850.0,820
2018-03-31,6928.62,821
2018-04-01,6813.52,822
2018-04-02,7052.76,823
2018-04-03,7416.27,824
2018-04-04,6799.95,825
2018-04-05,6771.69,826
2018-04-06,6618.33,827
2018-04-07,6904.9,828
2018-04-08,7027.26,829
2018-04-09,6780.1,830
2018-04-10,6835.67,831
2018-04-11,6940.94,832
2018-04-12,7923.78,833
2018-04-13,7896.92,834
2018-04-14,8000.41,835
2018-04-15,8354.22,836
2018-04-16,8048.15,837
2018-04-17,7890.87,838
2018-04-18,8172.84,839
2018-04-19,8271.31,840
2018-04-20,8861.0,841
2018-04-21,8920.71,842
2018-04-22,8789.96,843
2018-04-23,8946.95,844
2018-04-24,9648.0,845
2018-04-25,8864.99,846
2018-04-26,9274.48,847
2018-04-27,8921.43,848
2018-04-28,9345.11,849
2018-04-29,9393.99,850
2018-04-30,9242.17,851
2018-05-01,9066.9,852
2018-05-02,9222.0,853
2018-05-03,9732.43,854
2018-05-04,9696.57,855
2018-05-05,9823.28,856
2018-05-06,9623.54,857
2018-05-07,9359.52,858
2018-05-08,9167.69,859
2018-05-09,9308.49,860
2018-05-10,9020.99,861
2018-05-11,8411.42,862
2018-05-12,8481.6,863
2018-05-13,8696.58,864
2018-05-14,8674.36,865
2018-05-15,8474.99,866
2018-05-16,8346.59,867
2018-05-17,8067.03,868
2018-05-18,8248.87,869
2018-05-19,8231.2,870
2018-05-20,8518.48,871
2018-05-21,8391.76,872
2018-05-22,7984.08,873
2018-05-23,7502.89,874
2018-05-24,7586.88,875
2018-05-25,7471.18,876
2018-05-26,7335.99,877
2018-05-27,7347.39,878
2018-05-28,7112.5,879
2018-05-29,7469.45,880
2018-05-30,7375.73,881
2018-05-31,7492.28,882
2018-06-01,7511.6,883
2018-06-02,7642.0,884
2018-06-03,7703.67,885
2018-06-04,7488.26,886
2018-06-05,7617.98,887
2018-06-06,7658.57,888
2018-06-07,7689.28,889
2018-06-08,7618.11,890
2018-06-09,7492.7,891
2018-06-10,6781.17,892
2018-06-11,6880.61,893
2018-06-12,6557.67,894
2018-06-13,6307.4,895
2018-06-14,6646.1,896
2018-06-15,6390.6,897
2018-06-16,6487.92,898
2018-06-17,6453.41,899
2018-06-18,6707.5,900
2018-06-19,6736.52,901
2018-06-20,6756.58,902
2018-06-21,6718.33,903
2018-06-22,6050.45,904
2018-06-23,6177.38,905
2018-06-24,6153.4,906
2018-06-25,6253.61,907
2018-06-26,6068.0,908
2018-06-27,6135.64,909
2018-06-28,5848.33,910
2018-06-29,6204.24,911
2018-06-30,6385.71,912
2018-07-01,6349.99,913
2018-07-02,6612.98,914
2018-07-03,6507.99,915
2018-07-04,6584.25,916
2018-07-05,6533.69,917
2018-07-06,6596.53,918
2018-07-07,6759.99,919
2018-07-08,6706.6,920
2018-07-09,6666.75,921
2018-07-10,6299.46,922
2018-07-11,6380.0,923
2018-07-12,6243.88,924
2018-07-13,6215.59,925
2018-07-14,6243.98,926
2018-07-15,6349.3,927
2018-07-16,6721.04,928
2018-07-17,7310.71,929
2018-07-18,7378.1,930
2018-07-19,7471.42,931
2018-07-20,7330.84,932
2018-07-21,7409.92,933
2018-07-22,7396.6,934
2018-07-23,7719.62,935
2018-07-24,8403.83,936
2018-07-25,8174.06,937
2018-07-26,7926.0,938
2018-07-27,8183.05,939
2018-07-28,8237.74,940
2018-07-29,8216.74,941
2018-07-30,8160.21,942
2018-07-31,7725.43,943
2018-08-01,7602.01,944
2018-08-02,7536.37,945
2018-08-03,7416.98,946
2018-08-04,7009.99,947
2018-08-05,7032.61,948
2018-08-06,6936.11,949
2018-08-07,6717.68,950
2018-08-08,6283.59,951
2018-08-09,6543.76,952
2018-08-10,6139.99,953
2018-08-11,6239.98,954
2018-08-12,6310.82,955
2018-08-13,6252.63,956
2018-08-14,6193.62,957
2018-08-15,6272.3,958
2018-08-16,6313.51,959
2018-08-17,6580.15,960
2018-08-18,6399.28,961
2018-08-19,6481.99,962
2018-08-20,6260.82,963
2018-08-21,6479.27,964
2018-08-22,6355.76,965
2018-08-23,6525.01,966
2018-08-24,6692.94,967
2018-08-25,6732.4,968
2018-08-26,6700.46,969
2018-08-27,6904.51,970
2018-08-28,7080.94,971
2018-08-29,7032.96,972
2018-08-30,6984.01,973
2018-08-31,7017.35,974
2018-09-01,7185.01,975
2018-09-02,7290.31,976
2018-09-03,7258.99,977
2018-09-04,7361.0,978
2018-09-05,6679.3,979
2018-09-06,6493.09,980
2018-09-07,6400.0,981
2018-09-08,6178.31,982
2018-09-09,6236.04,983
2018-09-10,6301.99,984
2018-09-11,6279.99,985
2018-09-12,6322.45,986
2018-09-13,6485.7,987
2018-09-14,6476.51,988
2018-09-15,6520.15,989
2018-09-16,6499.98,990
2018-09-17,6254.52,991
2018-09-18,6332.34,992
2018-09-19,6388.4,993
2018-09-20,6492.98,994
2018-09-21,6749.45,995
2018-09-22,6710.01,996
2018-09-23,6702.22,997
2018-09-24,6581.52,998
2018-09-25,6428.99,999
2018-09-26,6461.51,1000
2018-09-27,6681.62,1001
2018-09-28,6610.76,1002
2018-09-29,6579.38,1003
2018-09-30,6597.81,1004
2018-10-01,6571.2,1005
2018-10-02,6500.0,1006
2018-10-03,6456.77,1007
2018-10-04,6547.56,1008
2018-10-05,6582.12,1009
2018-10-06,6544.08,1010
2018-10-07,6577.63,1011
2018-10-08,6604.75,1012
2018-10-09,6588.8,1013
2018-10-10,6517.55,1014
2018-10-11,6152.76,1015
2018-10-12,6185.15,1016
2018-10-13,6199.69,1017
2018-10-14,6183.0,1018
2018-10-15,6441.74,1019
2018-10-16,6461.2,1020
2018-10-17,6437.29,1021
2018-10-18,6396.18,1022
2018-10-19,6383.46,1023
2018-10-20,6412.86,1024
2018-10-21,6413.38,1025
2018-10-22,6406.06,1026
2018-10-23,6393.41,1027
2018-10-24,6411.96,1028
2018-10-25,6393.53,1029
2018-10-26,6406.1,1030
2018-10-27,6407.66,1031
2018-10-28,6405.57,1032
2018-10-29,6266.52,1033
2018-10-30,6269.46,1034
2018-10-31,6303.27,1035
2018-11-01,6340.99,1036
2018-11-02,6350.43,1037
2018-11-03,6335.0,1038
2018-11-04,6421.76,1039
2018-11-05,6403.2,1040
2018-11-06,6447.5,1041
2018-11-07,6501.0,1042
2018-11-08,6405.49,1043
2018-11-09,6325.0,1044
2018-11-10,6349.32,1045
2018-11-11,6357.54,1046
2018-11-12,6318.0,1047
2018-11-13,6260.91,1048
2018-11-14,5595.91,1049
2018-11-15,5585.0,1050
2018-11-16,5508.71,1051
2018-11-17,5503.36,1052
2018-11-18,5559.26,1053
2018-11-19,4735.44,1054
2018-11-20,4352.0,1055
2018-11-21,4538.01,1056
2018-11-22,4275.23,1057
2018-11-23,4288.26,1058
2018-11-24,3785.65,1059
2018-11-25,3938.89,1060
2018-11-26,3727.34,1061
2018-11-27,3771.01,1062
2018-11-28,4220.16,1063
2018-11-29,4249.8,1064
2018-11-30,3971.06,1065
2018-12-01,4140.39,1066
2018-12-02,4102.05,1067
2018-12-03,3834.34,1068
2018-12-04,3903.52,1069
2018-12-05,3696.69,1070
2018-12-06,3437.26,1071
2018-12-07,3380.68,1072
2018-12-08,3398.8,1073
2018-12-09,3529.75,1074
2018-12-10,3408.0,1075
2018-12-11,3353.42,1076
2018-12-12,3430.18,1077
2018-12-13,3262.73,1078
2018-12-14,3195.75,1079
2018-12-15,3179.54,1080
2018-12-16,3193.78,1081
2018-12-17,3496.73,1082
2018-12-18,3667.16,1083
2018-12-19,3684.5,1084
2018-12-20,4073.77,1085
2018-12-21,3841.08,1086
2018-12-22,3980.9,1087
2018-12-23,3943.83,1088
2018-12-24,4036.0,1089
2018-12-25,3779.99,1090
2018-12-26,3810.01,1091
2018-12-27,3591.69,1092
2018-12-28,3884.97,1093
2018-12-29,3725.48,1094
2018-12-30,3835.79,1095
2018-12-31,3693.3,1096
2019-01-01,3823.44,1097
2019-01-02,3885.87,1098
2019-01-03,3787.81,1099
2019-01-04,3817.71,1100
2019-01-05,3791.84,1101
2019-01-06,4040.71,1102
2019-01-07,4005.45,1103
2019-01-08,3994.9,1104
2019-01-09,4002.13,1105
2019-01-10,3627.51,1106
2019-01-11,3632.02,1107
2019-01-12,3617.13,1108
2019-01-13,3515.95,1109
2019-01-14,3664.28,1110
2019-01-15,3576.93,1111
2019-01-16,3605.91,1112
2019-01-17,3638.01,1113
2019-01-18,3609.21,1114
2019-01-19,3681.0,1115
2019-01-20,3536.72,1116
2019-01-21,3531.51,1117
2019-01-22,3576.81,1118
2019-01-23,3552.32,1119
2019-01-24,3570.73,1120
2019-01-25,3560.0,1121
2019-01-26,3555.56,1122
2019-01-27,3533.23,1123
2019-01-28,3429.5,1124
2019-01-29,3390.5,1125
2019-01-30,3437.35,1126
2019-01-31,3413.11,1127
2019-02-01,3434.83,1128
2019-02-02,3462.82,1129
2019-02-03,3414.82,1130
2019-02-04,3410.87,1131
2019-02-05,3431.39,1132
2019-02-06,3364.62,1133
2019-02-07,3359.33,1134
2019-02-08,3622.94,1135
2019-02-09,3622.62,1136
2019-02-10,3650.37,1137
2019-02-11,3588.7,1138
2019-02-12,3585.94,1139
2019-02-13,3574.93,1140
2019-02-14,3560.46,1141
2019-02-15,3566.29,1142
2019-02-16,3579.92,1143
2019-02-17,3625.6,1144
2019-02-18,3869.8,1145
2019-02-19,3888.46,1146
2019-02-20,3936.53,1147
2019-02-21,3900.4,1148
2019-02-22,3939.82,1149
2019-02-23,4113.53,1150
2019-02-24,3730.68,1151
2019-02-25,3820.71,1152
2019-02-26,3795.06,1153
2019-02-27,3798.47,1154
2019-02-28,3791.36,1155
2019-03-01,3807.05,1156
2019-03-02,3810.46,1157
2019-03-03,3789.52,1158
2019-03-04,3698.66,1159
2019-03-05,3844.07,1160
2019-03-06,3851.55,1161
2019-03-07,3856.64,1162
2019-03-08,3844.64,1163
2019-03-09,3916.43,1164
2019-03-10,3897.92,1165
2019-03-11,3849.25,1166
2019-03-12,3859.74,1167
2019-03-13,3848.48,1168
2019-03-14,3854.77,1169
2019-03-15,3901.21,1170
2019-03-16,3990.0,1171
2019-03-17,3965.5,1172
2019-03-18,3969.59,1173
2019-03-19,3998.13,1174
2019-03-20,4031.59,1175
2019-03-21,3974.21,1176
2019-03-22,3982.07,1177
2019-03-23,3982.52,1178
2019-03-24,3969.99,1179
2019-03-25,3910.51,1180
2019-03-26,3922.58,1181
2019-03-27,4025.5,1182
2019-03-28,4012.23,1183
2019-03-29,4090.0,1184
2019-03-30,4094.92,1185
2019-03-31,4096.08,1186
2019-04-01,4136.32,1187
2019-04-02,4899.63,1188
2019-04-03,4978.23,1189
2019-04-04,4907.94,1190
2019-04-05,5039.73,1191
2019-04-06,5041.39,1192
2019-04-07,5190.85,1193
2019-04-08,5287.88,1194
2019-04-09,5192.6,1195
2019-04-10,5323.47,1196
2019-04-11,5040.2,1197
2019-04-12,5076.35,1198
2019-04-13,5063.63,1199
2019-04-14,5162.72,1200
2019-04-15,5027.31,1201
2019-04-16,5202.43,1202
2019-04-17,5233.72,1203
2019-04-18,5281.58,1204
2019-04-19,5289.91,1205
2019-04-20,5318.89,1206
2019-04-21,5295.65,1207
2019-04-22,5386.8,1208
2019-04-23,5531.32,1209
2019-04-24,5440.95,1210
2019-04-25,5132.55,1211
2019-04-26,5155.19,1212
2019-04-27,5168.91,1213
2019-04-28,5160.98,1214
2019-04-29,5149.11,1215
2019-04-30,5269.0,1216
2019-05-01,5318.42,1217
2019-05-02,5385.0,1218
2019-05-03,5658.22,1219
2019-05-04,5764.65,1220
2019-05-05,5709.32,1221
2019-05-06,5685.46,1222
2019-05-07,5751.54,1223
2019-05-08,5940.89,1224
2019-05-09,6156.7,1225
2019-05-10,6342.84,1226
2019-05-11,7217.47,1227
2019-05-12,6974.35,1228
2019-05-13,7810.05,1229
2019-05-14,7986.0,1230
2019-05-15,8208.69,1231
2019-05-16,7880.0,1232
2019-05-17,7351.71,1233
2019-05-18,7260.12,1234
2019-05-19,8200.0,1235
2019-05-20,8005.64,1236
2019-05-21,7955.16,1237
2019-05-22,7624.95,1238
2019-05-23,7880.22,1239
2019-05-24,7999.02,1240
2019-05-25,8064.64,1241
2019-05-26,8733.26,1242
2019-05-27,8770.73,1243
2019-05-28,8717.96,1244
2019-05-29,8663.41,1245
2019-05-30,8277.76,1246
2019-05-31,8547.2,1247
2019-06-01,8556.27,1248
2019-06-02,8734.49,1249
2019-06-03,8103.64,1250
2019-06-04,7665.53,1251
2019-06-05,7785.94,1252
2019-06-06,7806.07,1253
2019-06-07,8001.25,1254
2019-06-08,7932.27,1255
2019-06-09,7632.99,1256
2019-06-10,8021.1,1257
2019-06-11,7919.1,1258
2019-06-12,8176.27,1259
2019-06-13,8238.0,1260
2019-06-14,8697.54,1261
2019-06-15,8857.19,1262
2019-06-16,8974.19,1263
2019-06-17,9333.48,1264
2019-06-18,9078.84,1265
2019-06-19,9278.27,1266
2019-06-20,9534.99,1267
2019-06-21,10222.12,1268
2019-06-22,10661.3,1269
2019-06-23,10831.95,1270
2019-06-24,11029.63,1271
2019-06-25,11751.01,1272
2019-06-26,12920.54,1273
2019-06-27,11153.74,1274
2019-06-28,12354.43,1275
2019-06-29,11858.62,1276
2019-06-30,10760.1,1277
2019-07-01,10577.43,1278
2019-07-02,10828.9,1279
2019-07-03,11967.43,1280
2019-07-04,11146.34,1281
2019-07-05,10997.84,1282
2019-07-06,11240.0,1283
2019-07-07,11469.96,1284
2019-07-08,12286.14,1285
2019-07-09,12567.23,1286
2019-07-10,12098.95,1287
2019-07-11,11349.24,1288
2019-07-12,11808.91,1289
2019-07-13,11378.79,1290
2019-07-14,10191.87,1291
2019-07-15,10850.0,1292
2019-07-16,9412.81,1293
2019-07-17,9699.35,1294
2019-07-18,10648.6,1295
2019-07-19,10535.43,1296
2019-07-20,10750.11,1297
2019-07-21,10600.24,1298
2019-07-22,10328.83,1299
2019-07-23,9847.02,1300
2019-07-24,9763.67,1301
2019-07-25,9883.96,1302
2019-07-26,9846.94,1303
2019-07-27,9481.37,1304
2019-07-28,9533.19,1305
2019-07-29,9495.39,1306
2019-07-30,9593.62,1307
2019-07-31,10085.34,1308
2019-08-01,10407.71,1309
2019-08-02,10529.51,1310
2019-08-03,10821.52,1311
2019-08-04,10986.96,1312
2019-08-05,11800.0,1313
2019-08-06,11470.0,1314
2019-08-07,11971.57,1315
2019-08-08,11983.43,1316
2019-08-09,11859.32,1317
2019-08-10,11273.2,1318
2019-08-11,11528.73,1319
2019-08-12,11385.11,1320
2019-08-13,10862.28,1321
2019-08-14,10022.99,1322
2019-08-15,10301.44,1323
2019-08-16,10354.34,1324
2019-08-17,10210.89,1325
2019-08-18,10318.99,1326
2019-08-19,10927.3,1327
2019-08-20,10772.22,1328
2019-08-21,10134.75,1329
2019-08-22,10112.01,1330
2019-08-23,10401.6,1331
2019-08-24,10149.7,1332
2019-08-25,10136.75,1333
2019-08-26,10360.97,1334
2019-08-27,10167.29,1335
2019-08-28,9711.78,1336
2019-08-29,9490.0,1337
2019-08-30,9579.75,1338
2019-08-31,9594.15,1339
2019-09-01,9767.53,1340
2019-09-02,10384.48,1341
2019-09-03,10617.61,1342
2019-09-04,10586.26,1343
2019-09-05,10573.66,1344
2019-09-06,10311.09,1345
2019-09-07,10484.39,1346
2019-09-08,10400.18,1347
2019-09-09,10307.45,1348
2019-09-10,10096.0,1349
2019-09-11,10154.46,1350
2019-09-12,10420.34,1351
2019-09-13,10368.65,1352
2019-09-14,10355.37,1353
2019-09-15,10305.74,1354
2019-09-16,10269.98,1355
2019-09-17,10195.73,1356
2019-09-18,10152.09,1357
2019-09-19,10271.53,1358
2019-09-20,10169.02,1359
2019-09-21,9985.28,1360
2019-09-22,10020.58,1361
2019-09-23,9682.19,1362
2019-09-24,8536.82,1363
2019-09-25,8432.16,1364
2019-09-26,8055.03,1365
2019-09-27,8187.72,1366
2019-09-28,8218.07,1367
2019-09-29,8047.6,1368
2019-09-30,8298.45,1369
2019-10-01,8319.01,1370
2019-10-02,8373.42,1371
2019-10-03,8239.92,1372
2019-10-04,8152.07,1373
2019-10-05,8145.17,1374
2019-10-06,7854.12,1375
2019-10-07,8205.53,1376
2019-10-08,8178.54,1377
2019-10-09,8586.34,1378
2019-10-10,8582.11,1379
2019-10-11,8265.55,1380
2019-10-12,8303.43,1381
2019-10-13,8282.96,1382
2019-10-14,8362.99,1383
2019-10-15,8155.13,1384
2019-10-16,7995.89,1385
2019-10-17,8073.32,1386
2019-10-18,7955.08,1387
2019-10-19,7960.49,1388
2019-10-20,8235.74,1389
2019-10-21,8213.65,1390
2019-10-22,8025.9,1391
2019-10-23,7470.77,1392
2019-10-24,7435.0,1393
2019-10-25,8662.66,1394
2019-10-26,9252.75,1395
2019-10-27,9557.08,1396
2019-10-28,9216.44,1397
2019-10-29,9426.94,1398
2019-10-30,9159.94,1399
2019-10-31,9150.07,1400
2019-11-01,9250.45,1401
2019-11-02,9304.75,1402
2019-11-03,9207.0,1403
2019-11-04,9410.76,1404
2019-11-05,9320.14,1405
2019-11-06,9344.78,1406
2019-11-07,9199.36,1407
2019-11-08,8767.37,1408
2019-11-09,8812.21,1409
2019-11-10,9024.49,1410
2019-11-11,8720.36,1411
2019-11-12,8813.91,1412
2019-11-13,8755.24,1413
2019-11-14,8636.9,1414
2019-11-15,8463.49,1415
2019-11-16,8484.63,1416
2019-11-17,8499.31,1417
2019-11-18,8170.65,1418
2019-11-19,8121.63,1419
2019-11-20,8088.44,1420
2019-11-21,7611.51,1421
2019-11-22,7285.85,1422
2019-11-23,7320.39,1423
2019-11-24,6908.36,1424
2019-11-25,7122.14,1425
2019-11-26,7159.22,1426
2019-11-27,7527.84,1427
2019-11-28,7436.72,1428
2019-11-29,7753.69,1429
2019-11-30,7550.67,1430
2019-12-01,7412.66,1431
2019-12-02,7309.64,1432
2019-12-03,7300.43,1433
2019-12-04,7197.78,1434
2019-12-05,7390.42,1435
2019-12-06,7541.79,1436
2019-12-07,7502.65,1437
2019-12-08,7524.26,1438
2019-12-09,7340.52,1439
2019-12-10,7216.07,1440
2019-12-11,7207.42,1441
2019-12-12,7188.42,1442
2019-12-13,7257.47,1443
2019-12-14,7059.03,1444
2019-12-15,7115.08,1445
2019-12-16,6882.19,1446
2019-12-17,6612.3,1447
2019-12-18,7286.91,1448
2019-12-19,7149.57,1449
2019-12-20,7194.11,1450
2019-12-21,7147.4,1451
2019-12-22,7509.7,1452
2019-12-23,7316.17,1453
2019-12-24,7251.52,1454
2019-12-25,7195.79,1455
2019-12-26,7188.3,1456
2019-12-27,7246.0,1457
2019-12-28,7296.24,1458
2019-12-29,7385.54,1459
2019-12-30,7220.24,1460
2019-12-31,7168.36,1461
2020-01-01,7178.68,1462
2020-01-02,6950.56,1463
2020-01-03,7338.91,1464
2020-01-04,7344.48,1465
2020-01-05,7356.7,1466
2020-01-06,7762.74,1467
2020-01-07,8159.01,1468
2020-01-08,8044.44,1469
2020-01-09,7806.78,1470
2020-01-10,8200.0,1471
2020-01-11,8016.22,1472
2020-01-12,8180.76,1473
2020-01-13,8105.01,1474
2020-01-14,8813.04,1475
2020-01-15,8809.17,1476
2020-01-16,8710.15,1477
2020-01-17,8892.63,1478
2020-01-18,8908.53,1479
2020-01-19,8696.6,1480
2020-01-20,8625.17,1481
2020-01-21,8717.89,1482
2020-01-22,8655.93,1483
2020-01-23,8378.44,1484
2020-01-24,8422.13,1485
2020-01-25,8329.5,1486
2020-01-26,8590.48,1487
2020-01-27,8894.54,1488
2020-01-28,9400.0,1489
2020-01-29,9289.18,1490
2020-01-30,9500.0,1491
2020-01-31,9327.85,1492
2020-02-01,9377.17,1493
2020-02-02,9329.39,1494
2020-02-03,9288.09,1495
2020-02-04,9159.37,1496
2020-02-05,9618.42,1497
2020-02-06,9754.63,1498
2020-02-07,9803.42,1499
2020-02-08,9902.0,1500
2020-02-09,10173.97,1501
2020-02-10,9850.01,1502
2020-02-11,10268.98,1503
2020-02-12,10348.78,1504
2020-02-13,10228.67,1505
2020-02-14,10364.04,1506
2020-02-15,9899.78,1507
2020-02-16,9912.89,1508
2020-02-17,9697.15,1509
2020-02-18,10185.17,1510
2020-02-19,9595.72,1511
2020-02-20,9612.76,1512
2020-02-21,9696.13,1513
2020-02-22,9668.13,1514
2020-02-23,9965.21,1515
2020-02-24,9652.58,1516
2020-02-25,9305.4,1517
2020-02-26,8779.36,1518
2020-02-27,8816.5,1519
2020-02-28,8703.84,1520
2020-02-29,8527.74,1521
2020-03-01,8528.95,1522
2020-03-02,8917.34,1523
2020-03-03,8755.45,1524
2020-03-04,8753.28,1525
2020-03-05,9066.65,1526
2020-03-06,9153.79,1527
2020-03-07,8893.93,1528
2020-03-08,8033.7,1529
2020-03-09,7936.25,1530
2020-03-10,7885.92,1531
2020-03-11,7934.57,1532
2020-03-12,4841.67,1533
2020-03-13,5622.74,1534
2020-03-14,5169.37,1535
2020-03-15,5343.64,1536
2020-03-16,5033.42,1537
2020-03-17,5324.99,1538
2020-03-18,5406.92,1539
2020-03-19,6181.18,1540
2020-03-20,6210.14,1541
2020-03-21,6187.78,1542
2020-03-22,5813.15,1543
2020-03-23,6493.51,1544
2020-03-24,6768.64,1545
2020-03-25,6692.22,1546
2020-03-26,6760.72,1547
2020-03-27,6376.03,1548
2020-03-28,6253.08,1549
2020-03-29,5870.9,1550
2020-03-30,6407.77,1551
2020-03-31,6421.14,1552
2020-04-01,6652.07,1553
2020-04-02,6801.99,1554
2020-04-03,6742.57,1555
2020-04-04,6879.61,1556
2020-04-05,6775.2,1557
2020-04-06,7352.43,1558
2020-04-07,7202.73,1559
2020-04-08,7367.36,1560
2020-04-09,7293.93,1561
2020-04-10,6877.03,1562
2020-04-11,6883.18,1563
2020-04-12,6908.24,1564
2020-04-13,6864.22,1565
2020-04-14,6879.75,1566
2020-04-15,6619.0,1567
2020-04-16,7111.67,1568
2020-04-17,7024.19,1569
2020-04-18,7262.26,1570
2020-04-19,7126.4,1571
2020-04-20,6841.0,1572
2020-04-21,6854.98,1573
2020-04-22,7137.79,1574
2020-04-23,7484.58,1575
2020-04-24,7505.53,1576
2020-04-25,7547.56,1577
2020-04-26,7701.73,1578
2020-04-27,7786.41,1579
2020-04-28,7767.79,1580
2020-04-29,8790.32,1581
2020-04-30,8627.32,1582
2020-05-01,8832.44,1583
2020-05-02,8983.79,1584
2020-05-03,8915.98,1585
2020-05-04,8882.87,1586
2020-05-05,9034.85,1587
2020-05-06,9154.32,1588
2020-05-07,10000.0,1589
2020-05-08,9801.35,1590
2020-05-09,9546.56,1591
2020-05-10,8731.17,1592
2020-05-11,8571.98,1593
2020-05-12,8825.46,1594
2020-05-13,9315.5,1595
2020-05-14,9793.5,1596
2020-05-15,9306.21,1597
2020-05-16,9389.07,1598
2020-05-17,9665.7,1599
2020-05-18,9721.91,1600
2020-05-19,9787.65,1601
2020-05-20,9516.51,1602
2020-05-21,9062.47,1603
2020-05-22,9171.96,1604
2020-05-23,9183.46,1605
2020-05-24,8718.77,1606
2020-05-25,8903.56,1607
2020-05-26,8840.91,1608
2020-05-27,9210.0,1609
2020-05-28,9577.38,1610
2020-05-29,9421.04,1611
2020-05-30,9705.1,1612
2020-05-31,9446.19,1613
2020-06-01,10203.64,1614
2020-06-02,9525.73,1615
2020-06-03,9668.99,1616
2020-06-04,9791.92,1617
2020-06-05,9619.99,1618
2020-06-06,9669.85,1619
2020-06-07,9750.04,1620
2020-06-08,9783.0,1621
2020-06-09,9776.84,1622
2020-06-10,9894.32,1623
2020-06-11,9264.26,1624
2020-06-12,9463.07,1625
2020-06-13,9473.46,1626
2020-06-14,9329.99,1627
2020-06-15,9435.15,1628
2020-06-16,9530.3,1629
2020-06-17,9461.29,1630
2020-06-18,9374.78,1631
2020-06-19,9304.32,1632
2020-06-20,9355.46,1633
2020-06-21,9283.03,1634
2020-06-22,9683.12,1635
2020-06-23,9622.81,1636
2020-06-24,9286.06,1637
2020-06-25,9239.48,1638
2020-06-26,9158.26,1639
2020-06-27,9009.3,1640
2020-06-28,9118.01,1641
2020-06-29,9188.88,1642
2020-06-30,9132.96,1643
2020-07-01,9233.38,1644
2020-07-02,9092.92,1645
2020-07-03,9063.08,1646
2020-07-04,9138.52,1647
2020-07-05,9076.82,1648
2020-07-06,9348.22,1649
2020-07-07,9257.16,1650
2020-07-08,9437.16,1651
2020-07-09,9234.9,1652
2020-07-10,9283.53,1653
2020-07-11,9238.3,1654
2020-07-12,9306.17,1655
2020-07-13,9233.1,1656
2020-07-14,9251.59,1657
2020-07-15,9190.07,1658
2020-07-16,9132.87,1659
2020-07-17,9156.5,1660
2020-07-18,9177.43,1661
2020-07-19,9211.99,1662
2020-07-20,9162.43,1663
2020-07-21,9391.25,1664
2020-07-22,9539.51,1665
2020-07-23,9617.2,1666
2020-07-24,9547.91,1667
2020-07-25,9710.98,1668
2020-07-26,9944.65,1669
2020-07-27,11046.19,1670
2020-07-28,10939.27,1671
2020-07-29,11111.17,1672
2020-07-30,11112.12,1673
2020-07-31,11356.74,1674
2020-08-01,11817.49,1675
2020-08-02,11071.66,1676
2020-08-03,11236.39,1677
2020-08-04,11192.42,1678
2020-08-05,11755.24,1679
2020-08-06,11770.08,1680
2020-08-07,11600.85,1681
2020-08-08,11776.9,1682
2020-08-09,11683.03,1683
2020-08-10,11895.12,1684
2020-08-11,11392.64,1685
2020-08-12,11565.35,1686
2020-08-13,11793.26,1687
2020-08-14,11779.77,1688
2020-08-15,11852.2,1689
2020-08-16,11914.02,1690
2020-08-17,12298.38,1691
2020-08-18,11958.1,1692
2020-08-19,11757.55,1693
2020-08-20,11859.37,1694
2020-08-21,11531.74,1695
2020-08-22,11667.7,1696
2020-08-23,11644.65,1697
2020-08-24,11761.8,1698
2020-08-25,11328.88,1699
2020-08-26,11469.3,1700
2020-08-27,11330.0,1701
2020-08-28,11536.58,1702
2020-08-29,11471.71,1703
2020-08-30,11708.97,1704
2020-08-31,11655.0,1705
2020-09-01,11923.96,1706
2020-09-02,11398.44,1707
2020-09-03,10160.0,1708
2020-09-04,10456.32,1709
2020-09-05,10167.19,1710
2020-09-06,10260.17,1711
2020-09-07,10377.14,1712
2020-09-08,10123.96,1713
2020-09-09,10232.8,1714
2020-09-10,10342.59,1715
2020-09-11,10393.04,1716
2020-09-12,10443.33,1717
2020-09-13,10334.78,1718
2020-09-14,10675.15,1719
2020-09-15,10783.83,1720
2020-09-16,10951.54,1721
2020-09-17,10940.47,1722
2020-09-18,10931.2,1723
2020-09-19,11077.22,1724
2020-09-20,10923.5,1725
2020-09-21,10411.29,1726
2020-09-22,10534.31,1727
2020-09-23,10233.42,1728
2020-09-24,10744.02,1729
2020-09-25,10689.81,1730
2020-09-26,10729.09,1731
2020-09-27,10780.66,1732
2020-09-28,10689.48,1733
2020-09-29,10836.42,1734
2020-09-30,10778.22,1735
2020-10-01,10622.71,1736
2020-10-02,10578.54,1737
2020-10-03,10553.66,1738
2020-10-04,10669.63,1739
2020-10-05,10795.0,1740
2020-10-06,10606.33,1741
2020-10-07,10669.14,1742
2020-10-08,10925.2,1743
2020-10-09,11052.0,1744
2020-10-10,11301.2,1745
2020-10-11,11372.93,1746
2020-10-12,11535.98,1747
2020-10-13,11427.98,1748
2020-10-14,11428.84,1749
2020-10-15,11511.11,1750
2020-10-16,11321.86,1751
2020-10-17,11365.8,1752
2020-10-18,11519.97,1753
2020-10-19,11764.14,1754
2020-10-20,11921.11,1755
2020-10-21,12802.67,1756
2020-10-22,12983.26,1757
2020-10-23,12941.59,1758
2020-10-24,13122.73,1759
2020-10-25,13039.09,1760
2020-10-26,13066.73,1761
2020-10-27,13647.9,1762
2020-10-28,13274.73,1763
2020-10-29,13468.44,1764
2020-10-30,13562.13,1765
2020-10-31,13816.08,1766
2020-11-01,13762.0,1767
2020-11-02,13563.72,1768
2020-11-03,14041.58,1769
2020-11-04,14160.59,1770
2020-11-05,15605.04,1771
2020-11-06,15598.09,1772
2020-11-07,14838.97,1773
2020-11-08,15489.15,1774
2020-11-09,15332.04,1775
2020-11-10,15313.65,1776
2020-11-11,15707.89,1777
2020-11-12,16300.0,1778
2020-11-13,16335.58,1779
2020-11-14,16086.34,1780
2020-11-15,15975.49,1781
2020-11-16,16724.62,1782
2020-11-17,17680.63,1783
2020-11-18,17785.95,1784
2020-11-19,17825.47,1785
2020-11-20,18687.65,1786
2020-11-21,18725.0,1787
2020-11-22,18435.2,1788
2020-11-23,18383.35,1789
2020-11-24,19160.85,1790
2020-11-25,18732.43,1791
2020-11-26,17160.09,1792
2020-11-27,17154.39,1793
2020-11-28,17741.79,1794
2020-11-29,18192.03,1795
2020-11-30,19700.19,1796
2020-12-01,18771.43,1797
2020-12-02,19226.55,1798
2020-12-03,19448.4,1799
2020-12-04,18673.76,1800
2020-12-05,19162.16,1801
2020-12-06,19380.58,1802
2020-12-07,19173.5,1803
2020-12-08,18316.43,1804
2020-12-09,18556.64,1805
2020-12-10,18250.3,1806
2020-12-11,18040.02,1807
2020-12-12,18815.63,1808
2020-12-13,19162.36,1809
2020-12-14,19274.33,1810
2020-12-15,19434.87,1811
2020-12-16,21365.7,1812
2020-12-17,22814.24,1813
2020-12-18,23136.14,1814
2020-12-19,23842.99,1815
2020-12-20,23470.85,1816
2020-12-21,22732.01,1817
2020-12-22,23835.1,1818
2020-12-23,23247.71,1819
2020-12-24,23726.28,1820
2020-12-25,24705.15,1821
2020-12-26,26466.28,1822
2020-12-27,26259.6,1823
2020-12-28,27037.91,1824
2020-12-29,27370.0,1825
2020-12-30,28881.3,1826
2020-12-31,28992.79,1827
2021-01-01,29402.64,1828
2021-01-02,32216.53,1829
2021-01-03,33097.83,1830
2021-01-04,32005.88,1831
2021-01-05,34039.05,1832
2021-01-06,36849.94,1833
2021-01-07,39510.49,1834
2021-01-08,40667.07,1835
2021-01-09,40239.06,1836
2021-01-10,38173.73,1837
2021-01-11,35455.58,1838
2021-01-12,34035.02,1839
2021-01-13,37393.49,1840
2021-01-14,39134.35,1841
2021-01-15,36756.57,1842
2021-01-16,36000.0,1843
2021-01-17,35819.25,1844
2021-01-18,36616.95,1845
2021-01-19,35917.62,1846
2021-01-20,35496.91,1847
2021-01-21,30818.18,1848
2021-01-22,32992.06,1849
2021-01-23,32117.49,1850
2021-01-24,32288.83,1851
2021-01-25,32261.22,1852
2021-01-26,32504.53,1853
2021-01-27,30424.62,1854
2021-01-28,33484.87,1855
2021-01-29,34249.64,1856
2021-01-30,34323.0,1857
2021-01-31,33141.38,1858
2021-02-01,33532.74,1859
2021-02-02,35522.16,1860
2021-02-03,37691.63,1861
2021-02-04,36996.32,1862
2021-02-05,38320.0,1863
2021-02-06,39282.1,1864
2021-02-07,38858.39,1865
2021-02-08,46416.45,1866
2021-02-09,46505.2,1867
2021-02-10,44854.63,1868
2021-02-11,47981.48,1869
2021-02-12,47395.84,1870
2021-02-13,47228.48,1871
2021-02-14,48662.5,1872
2021-02-15,47942.57,1873
2021-02-16,49166.53,1874
2021-02-17,52174.28,1875
2021-02-18,51579.54,1876
2021-02-19,55988.58,1877
2021-02-20,55936.04,1878
2021-02-21,57492.91,1879
2021-02-22,54173.65,1880
2021-02-23,48887.93,1881
2021-02-24,49754.0,1882
2021-02-25,47088.58,1883
2021-02-26,46314.83,1884
2021-02-27,46109.98,1885
2021-02-28,45240.96,1886
2021-03-01,49629.33,1887
2021-03-02,48516.35,1888
2021-03-03,50379.68,1889
2021-03-04,48360.5,1890
2021-03-05,48739.21,1891
2021-03-06,48904.63,1892
2021-03-07,50967.3,1893
2021-03-08,52427.8,1894
2021-03-09,54929.02,1895
2021-03-10,55852.29,1896
2021-03-11,57772.09,1897
2021-03-12,57271.04,1898
2021-03-13,61165.19,1899
2021-03-14,59016.39,1900
2021-03-15,55644.37,1901
2021-03-16,56908.34,1902
2021-03-17,58901.8,1903
2021-03-18,57648.05,1904
2021-03-19,58072.0,1905
2021-03-20,58138.39,1906
2021-03-21,57381.79,1907
2021-03-22,54070.92,1908
2021-03-23,54361.57,1909
2021-03-24,52287.52,1910
2021-03-25,51326.11,1911
2021-03-26,55081.37,1912
2021-03-27,55839.42,1913
2021-03-28,55790.92,1914
2021-03-29,57600.1,1915
2021-03-30,58760.59,1916
2021-03-31,58782.58,1917
2021-04-01,58728.53,1918
2021-04-02,59003.6,1919
2021-04-03,57064.42,1920
2021-04-04,58212.18,1921
2021-04-05,59125.0,1922
2021-04-06,58018.3,1923
2021-04-07,55932.83,1924
2021-04-08,58096.6,1925
2021-04-09,58109.56,1926
2021-04-10,59766.93,1927
2021-04-11,59979.26,1928
2021-04-12,59831.66,1929
2021-04-13,63564.48,1930
2021-04-14,62986.09,1931
2021-04-15,63239.19,1932
2021-04-16,61436.24,1933
2021-04-17,60032.29,1934
2021-04-18,56280.6,1935
2021-04-19,55694.55,1936
2021-04-20,56503.19,1937
2021-04-21,53806.24,1938
2021-04-22,51683.95,1939
2021-04-23,51176.65,1940
2021-04-24,50118.94,1941
2021-04-25,49128.43,1942
2021-04-26,54073.41,1943
2021-04-27,55091.39,1944
2021-04-28,54901.97,1945
2021-04-29,53593.97,1946
2021-04-30,57775.27,1947
2021-05-01,57851.91,1948
2021-05-02,56622.66,1949
2021-05-03,57222.37,1950
2021-05-04,53236.84,1951
2021-05-05,57509.93,1952
2021-05-06,56447.39,1953
2021-05-07,57381.73,1954
2021-05-08,58984.75,1955
2021-05-09,58305.24,1956
2021-05-10,55880.72,1957
2021-05-11,56763.7,1958
2021-05-12,49386.56,1959
2021-05-13,49694.96,1960
2021-05-14,49880.43,1961
2021-05-15,46708.89,1962
2021-05-16,46444.75,1963
2021-05-17,43593.39,1964
2021-05-18,42877.75,1965
2021-05-19,36780.43,1966
2021-05-20,40640.9,1967
2021-05-21,37335.16,1968
2021-05-22,37500.54,1969
2021-05-23,34706.79,1970
2021-05-24,38839.86,1971
2021-05-25,38397.72,1972
2021-05-26,39309.56,1973
2021-05-27,38503.47,1974
2021-05-28,35692.46,1975
2021-05-29,34632.08,1976
2021-05-30,35677.72,1977
2021-05-31,37341.41,1978
2021-06-01,36693.3,1979
2021-06-02,37589.36,1980
2021-06-03,39219.88,1981
2021-06-04,36887.32,1982
2021-06-05,35532.14,1983
2021-06-06,35808.85,1984
2021-06-07,33582.62,1985
2021-06-08,33411.69,1986
2021-06-09,37400.0,1987
2021-06-10,36707.54,1988
2021-06-11,37341.11,1989
2021-06-12,35542.76,1990
2021-06-13,39013.76,1991
2021-06-14,40532.79,1992
2021-06-15,40171.47,1993
2021-06-16,38353.99,1994
2021-06-17,38097.68,1995
2021-06-18,35840.0,1996
2021-06-19,35507.06,1997
2021-06-20,35589.77,1998
2021-06-21,31634.16,1999
2021-06-22,32545.26,2000
2021-06-23,33652.28,2001
2021-06-24,34649.32,2002
2021-06-25,31597.75,2003
2021-06-26,32269.38,2004
2021-06-27,34699.5,2005
2021-06-28,34487.11,2006
2021-06-29,35907.93,2007
2021-06-30,35037.23,2008
2021-07-01,33564.21,2009
2021-07-02,33811.56,2010
2021-07-03,34688.3,2011
2021-07-04,35289.21,2012
2021-07-05,33704.21,2013
2021-07-06,34244.09,2014
2021-07-07,33882.47,2015
2021-07-08,32898.79,2016
2021-07-09,33826.43,2017
2021-07-10,33517.6,2018
2021-07-11,34258.53,2019
2021-07-12,33105.0,2020
2021-07-13,32728.0,2021
2021-07-14,32823.55,2022
2021-07-15,31848.65,2023
2021-07-16,31388.17,2024
2021-07-17,31529.68,2025
2021-07-18,31776.65,2026
2021-07-19,30829.29,2027
2021-07-20,29786.58,2028
2021-07-21,32138.45,2029
2021-07-22,32300.88,2030
2021-07-23,33684.17,2031
2021-07-24,34301.78,2032
2021-07-25,35428.28,2033
2021-07-26,37291.24,2034
2021-07-27,39475.41,2035
2021-07-28,40036.32,2036
2021-07-29,40037.51,2037
2021-07-30,42234.89,2038
2021-07-31,41490.13,2039
2021-08-01,39839.0,2040
2021-08-02,39165.55,2041
2021-08-03,38177.07,2042
2021-08-04,39741.12,2043
2021-08-05,40894.67,2044
2021-08-06,42856.59,2045
2021-08-07,44612.94,2046
2021-08-08,43858.42,2047
2021-08-09,46292.89,2048
2021-08-10,45609.7,2049
2021-08-11,45539.85,2050
2021-08-12,44444.45,2051
2021-08-13,47860.58,2052
2021-08-14,47119.73,2053
2021-08-15,47028.3,2054
2021-08-16,45930.51,2055
2021-08-17,44694.35,2056
2021-08-18,44721.13,2057
2021-08-19,46764.3,2058
2021-08-20,49356.0,2059
2021-08-21,48884.34,2060
2021-08-22,49301.86,2061
2021-08-23,49561.37,2062
2021-08-24,47731.33,2063
2021-08-25,49011.75,2064
2021-08-26,46856.29,2065
2021-08-27,49100.49,2066
2021-08-28,48935.36,2067
2021-08-29,48808.72,2068
2021-08-30,47003.44,2069
2021-08-31,47156.09,2070
2021-09-01,48853.49,2071
2021-09-02,49274.79,2072
2021-09-03,50025.04,2073
2021-09-04,49943.16,2074
2021-09-05,51809.28,2075
2021-09-06,52708.2,2076
2021-09-07,46866.82,2077
2021-09-08,46091.94,2078
2021-09-09,46392.81,2079
2021-09-10,44857.38,2080
2021-09-11,45176.66,2081
2021-09-12,46035.0,2082
2021-09-13,44974.34,2083
2021-09-14,47103.18,2084
2021-09-15,48150.94,2085
2021-09-16,47760.64,2086
2021-09-17,47305.18,2087
2021-09-18,48326.74,2088
2021-09-19,47245.25,2089
2021-09-20,43035.99,2090
2021-09-21,40596.54,2091
2021-09-22,43589.53,2092
2021-09-23,44903.5,2093
2021-09-24,42848.5,2094
2021-09-25,42722.19,2095
2021-09-26,43204.73,2096
2021-09-27,42189.81,2097
2021-09-28,41049.0,2098
2021-09-29,41542.9,2099
2021-09-30,43834.43,2100
2021-10-01,48171.86,2101
2021-10-02,47685.8,2102
2021-10-03,48235.93,2103
2021-10-04,49242.14,2104
2021-10-05,51501.19,2105
2021-10-06,55345.79,2106
2021-10-07,53787.6,2107
2021-10-08,53957.21,2108
2021-10-09,54976.92,2109
2021-10-10,54714.95,2110
2021-10-11,57485.2,2111
2021-10-12,55995.49,2112
2021-10-13,57374.55,2113
2021-10-14,57371.58,2114
2021-10-15,61657.35,2115
2021-10-16,60870.26,2116
2021-10-17,61538.97,2117
2021-10-18,62034.65,2118
2021-10-19,64241.61,2119
2021-10-20,65990.31,2120
2021-10-21,62219.44,2121
2021-10-22,60702.68,2122
2021-10-23,61338.76,2123
2021-10-24,60910.16,2124
2021-10-25,63101.43,2125
2021-10-26,60328.22,2126
2021-10-27,58465.9,2127
2021-10-28,60592.76,2128
2021-10-29,62301.59,2129
2021-10-30,61932.3,2130
2021-10-31,61359.44,2131
2021-11-01,60922.85,2132
2021-11-02,63260.0,2133
2021-11-03,62930.72,2134
2021-11-04,61457.25,2135
2021-11-05,61031.91,2136
2021-11-06,61542.44,2137
2021-11-07,63300.0,2138
2021-11-08,67559.0,2139
2021-11-09,66945.72,2140
2021-11-10,64921.43,2141
2021-11-11,64821.33,2142
2021-11-12,64158.41,2143
2021-11-13,64417.52,2144
2021-11-14,65509.87,2145
2021-11-15,63606.09,2146
2021-11-16,60142.31,2147
2021-11-17,60373.65,2148
2021-11-18,56917.66,2149
2021-11-19,58128.55,2150
2021-11-20,59768.54,2151
2021-11-21,58678.47,2152
2021-11-22,56294.11,2153
2021-11-23,57579.99,2154
2021-11-24,57185.06,2155
2021-11-25,58990.14,2156
2021-11-26,53789.35,2157
2021-11-27,54774.66,2158
2021-11-28,57338.55,2159
2021-11-29,57845.12,2160
2021-11-30,56974.12,2161
2021-12-01,57251.59,2162
2021-12-02,56547.96,2163
2021-12-03,53743.69,2164
2021-12-04,49234.97,2165
2021-12-05,49463.22,2166
2021-12-06,50555.0,2167
2021-12-07,50627.32,2168
2021-12-08,50543.3,2169
2021-12-09,47593.12,2170
2021-12-10,47142.42,2171
2021-12-11,49400.54,2172
2021-12-12,50124.38,2173
2021-12-13,46725.02,2174
2021-12-14,48389.96,2175
2021-12-15,48876.84,2176
2021-12-16,47663.42,2177
2021-12-17,46210.92,2178
2021-12-18,46881.87,2179
2021-12-19,46704.67,2180
2021-12-20,46915.0,2181
2021-12-21,48929.86,2182
2021-12-22,48618.99,2183
2021-12-23,50850.0,2184
2021-12-24,50841.48,2185
2021-12-25,50442.22,2186
2021-12-26,50791.21,2187
2021-12-27,50718.11,2188
2021-12-28,47543.3,2189
2021-12-29,46483.36,2190
2021-12-30,47150.71,2191
2021-12-31,46214.37,2192
2022-01-01,47777.42,2193
2022-01-02,47350.22,2194
2022-01-03,46439.89,2195
2022-01-04,45820.0,2196
2022-01-05,43435.8,2197
2022-01-06,43097.6,2198
2022-01-07,41535.66,2199
2022-01-08,41690.77,2200
2022-01-09,41875.81,2201
2022-01-10,41845.42,2202
2022-01-11,42736.0,2203
2022-01-12,43933.5,2204
2022-01-13,42571.94,2205
2022-01-14,43102.35,2206
2022-01-15,43102.01,2207
2022-01-16,43107.7,2208
2022-01-17,42255.07,2209
2022-01-18,42377.4,2210
2022-01-19,41683.21,2211
2022-01-20,40736.05,2212
2022-01-21,36495.46,2213
2022-01-22,35091.11,2214
2022-01-23,36293.62,2215
2022-01-24,36724.99,2216
2022-01-25,36975.91,2217
2022-01-26,36829.32,2218
2022-01-27,37208.36,2219
2022-01-28,37748.36,2220
2022-01-29,38192.65,2221
2022-01-30,37941.82,2222
2022-01-31,38491.92,2223
2022-02-01,38733.04,2224
2022-02-02,36923.5,2225
2022-02-03,37320.11,2226
2022-02-04,41579.57,2227
2022-02-05,41427.72,2228
2022-02-06,42420.24,2229
2022-02-07,43869.04,2230
2022-02-08,44091.56,2231
2022-02-09,44426.84,2232
2022-02-10,43524.6,2233
2022-02-11,42406.19,2234
2022-02-12,42241.11,2235
2022-02-13,42077.74,2236
2022-02-14,42540.3,2237
2022-02-15,44582.48,2238
2022-02-16,43901.48,2239
2022-02-17,40556.11,2240
2022-02-18,39996.99,2241
2022-02-19,40109.02,2242
2022-02-20,38373.9,2243
2022-02-21,37076.6,2244
2022-02-22,38269.94,2245
2022-02-23,37274.18,2246
2022-02-24,38376.88,2247
2022-02-25,39231.64,2248
2022-02-26,39146.66,2249
2022-02-27,37712.68,2250
2022-02-28,43178.98,2251
2022-03-01,44443.96,2252
2022-03-02,43936.72,2253
2022-03-03,42476.26,2254
2022-03-04,39175.56,2255
2022-03-05,39416.79,2256
2022-03-06,38438.89,2257
2022-03-07,38016.47,2258
2022-03-08,38753.65,2259
2022-03-09,41960.02,2260
2022-03-10,39444.45,2261
2022-03-11,38729.79,2262
2022-03-12,38822.02,2263
2022-03-13,37790.54,2264
2022-03-14,39665.71,2265
2022-03-15,39302.7,2266
2022-03-16,41142.76,2267
2022-03-17,40963.22,2268
2022-03-18,41794.37,2269
2022-03-19,42235.31,2270
2022-03-20,41242.14,2271
2022-03-21,41043.14,2272
2022-03-22,42393.41,2273
2022-03-23,42925.41,2274
2022-03-24,44025.99,2275
2022-03-25,44320.6,2276
2022-03-26,44535.65,2277
2022-03-27,46864.39,2278
2022-03-28,47152.38,2279
2022-03-29,47459.03,2280
2022-03-30,47068.08,2281
2022-03-31,45517.27,2282
2022-04-01,46307.81,2283
2022-04-02,45820.28,2284
2022-04-03,46401.57,2285
2022-04-04,46598.2,2286
2022-04-05,45502.73,2287
2022-04-06,43191.59,2288
2022-04-07,43454.53,2289
2022-04-08,42290.11,2290
2022-04-09,42767.89,2291
2022-04-10,42133.85,2292
2022-04-11,39524.86,2293
2022-04-12,40097.46,2294
2022-04-13,41147.74,2295
2022-04-14,39961.53,2296
2022-04-15,40563.18,2297
2022-04-16,40395.67,2298
2022-04-17,39691.27,2299
2022-04-18,40814.6,2300
2022-04-19,41505.77,2301
2022-04-20,41375.85,2302
2022-04-21,40470.76,2303
2022-04-22,39726.03,2304
2022-04-23,39421.59,2305
2022-04-24,39467.4,2306
2022-04-25,40441.11,2307
2022-04-26,38137.67,2308
2022-04-27,39256.05,2309
2022-04-28,39754.2,2310
2022-04-29,38593.42,2311
2022-04-30,37639.8,2312
2022-05-01,38488.34,2313
2022-05-02,38521.01,2314
2022-05-03,37729.95,2315
2022-05-04,39685.23,2316
2022-05-05,36533.93,2317
2022-05-06,36019.22,2318
2022-05-07,35463.46,2319
2022-05-08,34025.5,2320
2022-05-09,30082.0,2321
2022-05-10,30999.97,2322
2022-05-11,29000.0,2323
2022-05-12,28896.19,2324
2022-05-13,29238.81,2325
2022-05-14,30033.96,2326
2022-05-15,31295.03,2327
2022-05-16,29832.45,2328
2022-05-17,30425.36,2329
2022-05-18,28681.26,2330
2022-05-19,30290.33,2331
2022-05-20,29176.7,2332
2022-05-21,29421.05,2333
2022-05-22,30264.66,2334
2022-05-23,29081.76,2335
2022-05-24,29632.15,2336
2022-05-25,29510.15,2337
2022-05-26,29183.06,2338
2022-05-27,28589.48,2339
2022-05-28,29010.82,2340
2022-05-29,29448.94,2341
2022-05-30,31731.22,2342
2022-05-31,31762.76,2343
2022-06-01,29787.4,2344
2022-06-02,30437.18,2345
2022-06-03,29669.39,2346
2022-06-04,29853.51,2347
2022-06-05,29888.98,2348
2022-06-06,31351.21,2349
2022-06-07,31115.82,2350
2022-06-08,30185.58,2351
2022-06-09,30089.03,2352
2022-06-10,29065.66,2353
2022-06-11,28390.94,2354
2022-06-12,26585.1,2355
2022-06-13,22450.43,2356
2022-06-14,22097.3,2357
2022-06-15,22555.27,2358
2022-06-16,20382.88,2359
2022-06-17,20440.7,2360
2022-06-18,18956.8,2361
2022-06-19,20552.82,2362
2022-06-20,20555.44,2363
2022-06-21,20712.29,2364
2022-06-22,19963.68,2365
2022-06-23,21093.42,2366
2022-06-24,21215.42,2367
2022-06-25,21486.8,2368
2022-06-26,21028.69,2369
2022-06-27,20699.72,2370
2022-06-28,20261.34,2371
2022-06-29,20093.18,2372
2022-06-30,19924.89,2373
2022-07-01,19239.47,2374
2022-07-02,19228.25,2375
2022-07-03,19294.46,2376
2022-07-04,20209.53,2377
2022-07-05,20168.63,2378
2022-07-06,20547.45,2379
2022-07-07,21643.56,2380
2022-07-08,21584.14,2381
2022-07-09,21588.35,2382
2022-07-10,20856.08,2383
2022-07-11,19949.71,2384
2022-07-12,19321.14,2385
2022-07-13,20232.35,2386
2022-07-14,20577.23,2387
2022-07-15,20835.39,2388
2022-07-16,21195.49,2389
2022-07-17,20801.85,2390
2022-07-18,22435.04,2391
2022-07-19,23405.02,2392
2022-07-20,23208.53,2393
2022-07-21,23163.34,2394
2022-07-22,22682.26,2395
2022-07-23,22468.69,2396
2022-07-24,22595.81,2397
2022-07-25,21306.56,2398
2022-07-26,21259.78,2399
2022-07-27,22969.04,2400
2022-07-28,23853.11,2401
2022-07-29,23785.31,2402
2022-07-30,23644.58,2403
2022-07-31,23322.53,2404
2022-08-01,23282.92,2405
2022-08-02,23001.52,2406
2022-08-03,22835.88,2407
2022-08-04,22615.24,2408
2022-08-05,23326.4,2409
2022-08-06,22956.61,2410
2022-08-07,23187.62,2411
2022-08-08,23821.68,2412
2022-08-09,23164.78,2413
2022-08-10,23964.0,2414
2022-08-11,23959.0,2415
2022-08-12,24407.0,2416
2022-08-13,24456.0,2417
2022-08-14,24320.0,2418
2022-08-15,24110.0,2419
2022-08-16,23867.0,2420
2022-08-17,23340.0,2421
2022-08-18,23201.0,2422
2022-08-19,20841.0,2423
2022-08-20,21146.0,2424
2022-08-21,21514.0,2425
2022-08-22,21411.0,2426
2022-08-23,21520.0,2427
2022-08-24,21372.0,2428
2022-08-25,21571.0,2429
2022-08-26,20250.0,2430
2022-08-27,20045.0,2431
2022-08-28,19557.0,2432
2022-08-29,20302.0,2433
2022-08-30,19819.0,2434
2022-08-31,20059.0,2435
2022-09-01,20128.0,2436
2022-09-02,19959.0,2437
2022-09-03,19840.0,2438
2022-09-04,20007.0,2439
2022-09-05,19794.0,2440
2022-09-06,18789.0,2441
2022-09-07,19276.0,2442
2022-09-08,19322.0,2443
2022-09-09,21371.0,2444
2022-09-10,21672.0,2445
2022-09-11,21835.0,2446
2022-09-12,22401.0,2447
2022-09-13,20177.0,2448
2022-09-14,20233.0,2449
2022-09-15,19691.0,2450
2022-09-16,19802.0,2451
2022-09-17,20114.0,2452
2022-09-18,19419.0,2453
2022-09-19,19538.0,2454
2022-09-20,18878.0,2455
2022-09-21,18466.0,2456
2022-09-22,19403.0,2457
2022-09-23,19294.0,2458
2022-09-24,18921.0,2459
2022-09-25,18810.0,2460
2022-09-26,19226.0,2461
2022-09-27,19075.0,2462
2022-09-28,19413.0,2463
2022-09-29,19592.0,2464
2022-09-30,19425.0,2465
2022-10-01,19312.0,2466
2022-10-02,19051.0,2467
2022-10-03,19636.0,2468
2022-10-04,20343.0,2469
2022-10-05,20162.0,2470
2022-10-06,19951.0,2471
2022-10-07,19532.0,2472
2022-10-08,19420.0,2473
2022-10-09,19445.0,2474
2022-10-10,19131.0,2475
2022-10-11,19059.0,2476
2022-10-12,19157.0,2477
2022-10-13,19377.0,2478
2022-10-14,19181.0,2479
2022-10-15,19066.0,2480
2022-10-16,19264.0,2481
2022-10-17,19547.0,2482
2022-10-18,19334.0,2483
2022-10-19,19126.0,2484
2022-10-20,19043.0,2485
2022-10-21,19165.0,2486
2022-10-22,19206.0,2487
2022-10-23,19574.0,2488
2022-10-24,19332.0,2489
2022-10-25,20087.0,2490
2022-10-26,20775.0,2491
2022-10-27,20296.0,2492
2022-10-28,20599.0,2493
2022-10-29,20821.0,2494
2022-10-30,20628.0,2495
2022-10-31,20498.0,2496
2022-11-01,20480.0,2497
2022-11-02,20154.0,2498
2022-11-03,20209.0,2499
2022-11-04,21153.0,2500
2022-11-05,21301.0,2501
2022-11-06,20907.0,2502
2022-11-07,20590.0,2503
2022-11-08,18550.0,2504
2022-11-09,15877.0,2505
2022-11-10,17551.0,2506
2022-11-11,17007.0,2507
2022-11-12,16788.0,2508
2022-11-13,16310.0,2509
2022-11-14,16589.0,2510
2022-11-15,16874.0,2511
2022-11-16,16654.0,2512
2022-11-17,16686.0,2513
2022-11-18,16683.0,2514
2022-11-19,16690.0,2515
2022-11-20,16256.0,2516
2022-11-21,15766.0,2517
2022-11-22,16197.0,2518
2022-11-23,16603.0,2519
2022-11-24,16591.0,2520
2022-11-25,16508.0,2521
2022-11-26,16454.0,2522
2022-11-27,16424.0,2523
2022-11-28,16210.0,2524
2022-11-29,16434.0,2525
2022-11-30,17170.0,2526
2022-12-01,16977.0,2527
2022-12-02,17095.0,2528
2022-12-03,16886.0,2529
2022-12-04,17114.0,2530
2022-12-05,16968.0,2531
2022-12-06,17087.0,2532
2022-12-07,16836.0,2533
2022-12-08,17229.0,2534
2022-12-09,17128.0,2535
2022-12-10,17128.0,2536
2022-12-11,17091.0,2537
2022-12-12,17209.0,2538
2022-12-13,17772.0,2539
2022-12-14,17803.0,2540
2022-12-15,17362.0,2541
2022-12-16,16633.0,2542
2022-12-17,16781.0,2543
2022-12-18,16749.0,2544
2022-12-19,16446.0,2545
2022-12-20,16898.0,2546
2022-12-21,16824.0,2547
2022-12-22,16821.0,2548
2022-12-23,16779.0,2549
2022-12-24,16839.0,2550
2022-12-25,16828.0,2551
2022-12-26,16917.0,2552
2022-12-27,16700.0,2553
2022-12-28,16540.0,2554
2022-12-29,16628.0,2555
2022-12-30,16603.0,2556
2022-12-31,16528.0,2557
2023-01-01,16615.0,2558
2023-01-02,16673.0,2559
2023-01-03,16670.0,2560
2023-01-04,16849.0,2561
2023-01-05,16826.0,2562
2023-01-06,16950.0,2563
2023-01-07,16945.0,2564
2023-01-08,17119.0,2565
2023-01-09,17179.0,2566
2023-01-10,17446.0,2567
2023-01-11,17930.0,2568
2023-01-12,18853.0,2569
2023-01-13,19931.0,2570
2023-01-14,20960.0,2571
2023-01-15,20885.0,2572
2023-01-16,21189.0,2573
2023-01-17,21134.0,2574
2023-01-18,20670.0,2575
2023-01-19,21086.0,2576
2023-01-20,22678.0,2577
2023-01-21,22783.0,2578
2023-01-22,22717.0,2579
2023-01-23,22922.0,2580
2023-01-24,22637.0,2581
2023-01-25,23054.0,2582
2023-01-26,23010.0,2583
2023-01-27,23083.0,2584
2023-01-28,23033.0,2585
2023-01-29,23746.0,2586
2023-01-30,22831.0,2587
2023-01-31,23127.0,2588
2023-02-01,23735.0,2589
2023-02-02,23498.0,2590
2023-02-03,23434.0,2591
2023-02-04,23330.0,2592
2023-02-05,22937.0,2593
2023-02-06,22763.0,2594
2023-02-07,23252.0,2595
2023-02-08,22961.0,2596
2023-02-09,21802.0,2597
2023-02-10,21639.0,2598
2023-02-11,21868.0,2599
2023-02-12,21789.0,2600
2023-02-13,21790.0,2601
2023-02-14,22211.0,2602
2023-02-15,24332.0,2603
2023-02-16,23521.0,2604
2023-02-17,24580.0,2605
2023-02-18,24640.0,2606
2023-02-19,24296.0,2607
2023-02-20,24843.0,2608
2023-02-21,24450.0,2609
2023-02-22,24188.0,2610
2023-02-23,23939.0,2611
2023-02-24,23189.0,2612
2023-02-25,23161.0,2613
2023-02-26,23562.0,2614
2023-02-27,23493.0,2615
2023-02-28,23136.0,2616
2023-03-01,23634.0,2617
2023-03-02,23466.0,2618
2023-03-03,22359.0,2619
2023-03-04,22347.0,2620
2023-03-05,22428.0,2621
2023-03-06,22407.0,2622
2023-03-07,22200.0,2623
2023-03-08,21704.0,2624
2023-03-09,20367.0,2625
2023-03-10,20220.0,2626
2023-03-11,20618.0,2627
2023-03-12,22183.0,2628
2023-03-13,24209.0,2629
2023-03-14,24750.0,2630
2023-03-15,24368.0,2631
2023-03-16,25050.0,2632
2023-03-17,27466.0,2633
2023-03-18,26980.0,2634
2023-03-19,28054.0,2635
2023-03-20,27815.0,2636
2023-03-21,28192.0,2637
2023-03-22,27320.0,2638
2023-03-23,28343.0,2639
2023-03-24,27493.0,2640
2023-03-25,27499.0,2641
2023-03-26,28004.0,2642
2023-03-27,27142.0,2643
2023-03-28,27272.0,2644
2023-03-29,28353.0,2645
2023-03-30,28039.0,2646
2023-03-31,28476.0,2647
2023-04-01,28469.0,2648
2023-04-02,28186.0,2649
2023-04-03,27816.0,2650
2023-04-04,28178.0,2651
2023-04-05,28183.0,2652
2023-04-06,28051.0,2653
2023-04-07,27931.0,2654
2023-04-08,27969.0,2655
2023-04-09,28340.0,2656
2023-04-10,29652.0,2657
2023-04-11,30246.0,2658
2023-04-12,29903.0,2659
2023-04-13,30410.0,2660
2023-04-14,30498.0,2661
2023-04-15,30332.0,2662
2023-04-16,30330.0,2663
2023-04-17,29448.0,2664
2023-04-18,30395.0,2665
2023-04-19,28827.0,2666
2023-04-20,28238.0,2667
2023-04-21,27254.0,2668
2023-04-22,27817.0,2669
2023-04-23,27596.0,2670
2023-04-24,27512.0,2671
2023-04-25,28300.0,2672
2023-04-26,28428.0,2673
2023-04-27,29485.0,2674
2023-04-28,29333.0,2675
2023-04-29,29247.0,2676
2023-04-30,29235.0,2677
2023-05-01,28079.0,2678
2023-05-02,28680.0,2679
2023-05-03,29033.0,2680
2023-05-04,28851.0,2681
2023-05-05,29547.0,2682
2023-05-06,28911.0,2683
2023-05-07,28472.0,2684
2023-05-08,27690.0,2685
2023-05-09,27650.0,2686
2023-05-10,27618.0,2687
2023-05-11,26991.0,2688
2023-05-12,26811.0,2689
2023-05-13,26789.0,2690
2023-05-14,26933.0,2691
2023-05-15,27166.0,2692
2023-05-16,27037.0,2693
2023-05-17,27404.0,2694
2023-05-18,26818.0,2695
2023-05-19,26893.0,2696
2023-05-20,27115.0,2697
2023-05-21,26750.0,2698
2023-05-22,26856.0,2699
2023-05-23,27226.0,2700
2023-05-24,26325.0,2701
2023-05-25,26478.0,2702
2023-05-26,26718.0,2703
2023-05-27,26872.0,2704
2023-05-28,28072.0,2705
2023-05-29,27749.0,2706
2023-05-30,27706.0,2707
2023-05-31,27219.0,2708
2023-06-01,26826.0,2709
2023-06-02,27251.0,2710
2023-06-03,27076.0,2711
2023-06-04,27125.0,2712
2023-06-05,25739.0,2713
2023-06-06,27236.0,2714
2023-06-07,26348.0,2715
2023-06-08,26510.0,2716
2023-06-09,26484.0,2717
2023-06-10,25857.0,2718
2023-06-11,25941.0,2719
2023-06-12,25906.0,2720
2023-06-13,25934.0,2721
2023-06-14,25127.0,2722
2023-06-15,25573.0,2723
2023-06-16,26333.0,2724
2023-06-17,26507.0,2725
2023-06-18,26340.0,2726
2023-06-19,26842.0,2727
2023-06-20,28315.0,2728
2023-06-21,30009.0,2729
2023-06-22,29889.0,2730
2023-06-23,30716.0,2731
2023-06-24,30548.0,2732
2023-06-25,30477.0,2733
2023-06-26,30274.0,2734
2023-06-27,30696.0,2735
2023-06-28,30079.0,2736
2023-06-29,30444.0,2737
2023-06-30,30469.0,2738
2023-07-01,30592.0,2739
2023-07-02,30616.0,2740
2023-07-03,31158.0,2741
2023-07-04,30771.0,2742
2023-07-05,30501.0,2743
2023-07-06,29912.0,2744
2023-07-07,30348.0,2745
2023-07-08,30293.0,2746
2023-07-09,30167.0,2747
2023-07-10,30421.0,2748
2023-07-11,30621.0,2749
2023-07-12,30382.0,2750
2023-07-13,31471.0,2751
2023-07-14,30331.0,2752
2023-07-15,30301.0,2753
2023-07-16,30253.0,2754
2023-07-17,30154.0,2755
2023-07-18,29868.0,2756
2023-07-19,29919.0,2757
2023-07-20,29806.0,2758
2023-07-21,29908.0,2759
2023-07-22,29789.0,2760
2023-07-23,30085.0,2761
2023-07-24,29177.0,2762
2023-07-25,29224.0,2763
2023-07-26,29354.0,2764
2023-07-27,29219.0,2765
2023-07-28,29317.0,2766
2023-07-29,29360.0,2767
2023-07-30,29279.0,2768
2023-07-31,29231.0,2769
2023-08-01,29696.0,2770
2023-08-02,29164.0,2771
2023-08-03,29176.0,2772
2023-08-04,29077.0,2773
2023-08-05,29049.0,2774
2023-08-06,29042.0,2775
2023-08-07,29181.0,2776
2023-08-08,29764.0,2777
2023-08-09,29565.0,2778
2023-08-10,29423.0,2779
2023-08-11,29398.0,2780
2023-08-12,29415.0,2781
2023-08-13,29284.0,2782
2023-08-14,29408.0,2783
2023-08-15,29172.0,2784
2023-08-16,28701.0,2785
2023-08-17,26642.0,2786
2023-08-18,26051.0,2787
2023-08-19,26097.0,2788
2023-08-20,26192.0,2789
2023-08-21,26125.0,2790
2023-08-22,26042.0,2791
2023-08-23,26431.0,2792
2023-08-24,26168.0,2793
2023-08-25,26048.0,2794
2023-08-26,26008.0,2795
2023-08-27,26090.0,2796
2023-08-28,26103.0,2797
2023-08-29,27726.0,2798
2023-08-30,27300.0,2799
2023-08-31,25932.0,2800
2023-09-01,25798.0,2801
2023-09-02,25870.0,2802
2023-09-03,25970.0,2803
2023-09-04,25819.0,2804
2023-09-05,25783.0,2805
2023-09-06,25748.0,2806
2023-09-07,26245.0,2807
2023-09-08,25908.0,2808
2023-09-09,25899.0,2809
2023-09-10,25836.0,2810
2023-09-11,25155.0,2811
2023-09-12,25844.0,2812
2023-09-13,26226.0,2813
2023-09-14,26529.0,2814
2023-09-15,26607.0,2815
2023-09-16,26571.0,2816
2023-09-17,26535.0,2817
2023-09-18,26770.0,2818
2023-09-19,27214.0,2819
2023-09-20,27128.0,2820
2023-09-21,26563.0,2821
2023-09-22,26581.0,2822
2023-09-23,26583.0,2823
2023-09-24,26248.0,2824
2023-09-25,26297.0,2825
2023-09-26,26208.0,2826
2023-09-27,26361.0,2827
2023-09-28,27026.0,2828
2023-09-29,26911.0,2829
2023-09-30,26966.0,2830
2023-10-01,27995.0,2831
2023-10-02,27507.0,2832
2023-10-03,27435.0,2833
2023-10-04,27790.0,2834
2023-10-05,27417.0,2835
2023-10-06,27948.0,2836
2023-10-07,27971.0,2837
2023-10-08,27933.0,2838
2023-10-09,27594.0,2839
2023-10-10,27395.0,2840
2023-10-11,26874.0,2841
2023-10-12,26756.0,2842
2023-10-13,26867.0,2843
2023-10-14,26855.0,2844
2023-10-15,27174.0,2845
2023-10-16,28518.0,2846
2023-10-17,28408.0,2847
2023-10-18,28328.0,2848
2023-10-19,28733.0,2849
2023-10-20,29688.0,2850
2023-10-21,29927.0,2851
2023-10-22,30002.0,2852
2023-10-23,33074.0,2853
2023-10-24,33917.0,2854
2023-10-25,34498.0,2855
2023-10-26,34165.0,2856
2023-10-27,33906.0,2857
2023-10-28,34091.0,2858
2023-10-29,34538.0,2859
2023-10-30,34495.0,2860
2023-10-31,34661.0,2861
2023-11-01,35440.0,2862
2023-11-02,34937.0,2863
2023-11-03,34727.0,2864
2023-11-04,35086.0,2865
2023-11-05,35045.0,2866
2023-11-06,35042.0,2867
2023-11-07,35414.0,2868
2023-11-08,35640.0,2869
2023-11-09,36693.0,2870
2023-11-10,37319.0,2871
2023-11-11,37152.0,2872
2023-11-12,37086.0,2873
2023-11-13,36485.0,2874
2023-11-14,35564.0,2875
2023-11-15,37877.0,2876
2023-11-16,36165.0,2877
2023-11-17,36625.0,2878
2023-11-18,36590.0,2879
2023-11-19,37426.0,2880
2023-11-20,37480.0,2881
2023-11-21,35758.0,2882
2023-11-22,37424.0,2883
2023-11-23,37301.0,2884
2023-11-24,37746.0,2885
2023-11-25,37809.0,2886
2023-11-26,37460.0,2887
2023-11-27,37240.0,2888
2023-11-28,37839.0,2889
2023-11-29,37863.0,2890
2023-11-30,37719.0,2891
2023-12-01,38707.0,2892
2023-12-02,39474.0,2893
2023-12-03,39989.0,2894
2023-12-04,41985.0,2895
2023-12-05,44075.0,2896
2023-12-06,43764.0,2897
2023-12-07,43291.0,2898
2023-12-08,44193.0,2899
2023-12-09,43712.0,2900
2023-12-10,43786.0,2901
2023-12-11,41242.0,2902
2023-12-12,41458.0,2903
2023-12-13,42888.0,2904
2023-12-14,43031.0,2905
2023-12-15,41925.0,2906
2023-12-16,42246.0,2907
2023-12-17,41345.0,2908
2023-12-18,42650.0,2909
2023-12-19,42258.0,2910
2023-12-20,43665.0,2911
2023-12-21,43873.0,2912
2023-12-22,44002.0,2913
2023-12-23,43733.0,2914
2023-12-24,43033.0,2915
2023-12-25,43591.0,2916
2023-12-26,42510.0,2917
2023-12-27,43473.0,2918
2023-12-28,42583.0,2919
2023-12-29,42072.0,2920
2023-12-30,42148.0,2921
2023-12-31,42258.0,2922
2024-01-01,44187.0,2923
2024-01-02,44970.0,2924
2024-01-03,42865.0,2925
2024-01-04,44186.0,2926
2024-01-05,44184.0,2927
2024-01-06,43999.0,2928
2024-01-07,43944.0,2929
2024-01-08,46995.0,2930
2024-01-09,46124.0,2931
2024-01-10,46681.0,2932
2024-01-11,46360.0,2933
2024-01-12,42778.0,2934
2024-01-13,42843.0,2935
2024-01-14,41715.0,2936
2024-01-15,42493.0,2937
2024-01-16,43131.0,2938
2024-01-17,42738.0,2939
2024-01-18,41283.0,2940
2024-01-19,41628.0,2941
2024-01-20,41673.0,2942
2024-01-21,41560.0,2943
2024-01-22,39528.0,2944
2024-01-23,39868.0,2945
2024-01-24,40074.0,2946
2024-01-25,39916.0,2947
2024-01-26,41818.0,2948
2024-01-27,42124.0,2949
2024-01-28,42026.0,2950
2024-01-29,43305.0,2951
2024-01-30,42946.0,2952
2024-01-31,42558.0,2953
2024-02-01,43071.0,2954
2024-02-02,43183.0,2955
2024-02-03,42994.0,2956
2024-02-04,42570.0,2957
2024-02-05,42659.0,2958
2024-02-06,43092.0,2959
2024-02-07,44346.0,2960
2024-02-08,45300.0,2961
2024-02-09,47161.0,2962
2024-02-10,47770.0,2963
2024-02-11,48313.0,2964
2024-02-12,49937.0,2965
2024-02-13,49720.0,2966
2024-02-14,51844.0,2967
2024-02-15,51942.0,2968
2024-02-16,52161.0,2969
2024-02-17,51664.0,2970
2024-02-18,52130.0,2971
2024-02-19,51789.0,2972
2024-02-20,52275.0,2973
2024-02-21,51843.0,2974
2024-02-22,51253.0,2975
2024-02-23,50743.0,2976
2024-02-24,51562.0,2977
2024-02-25,51722.0,2978
2024-02-26,54524.0,2979
2024-02-27,57068.0,2980
2024-02-28,62512.0,2981
2024-02-29,61161.0,2982
2024-03-01,62444.0,2983
2024-03-02,62042.0,2984
2024-03-03,63142.0,2985
2024-03-04,68359.0,2986
2024-03-05,63796.0,2987
2024-03-06,66120.0,2988
2024-03-07,66941.0,2989
2024-03-08,68285.0,2990
2024-03-09,68463.0,2991
2024-03-10,69026.0,2992
2024-03-11,72118.0,2993
2024-03-12,71473.0,2994
2024-03-13,73121.0,2995
2024-03-14,71371.0,2996
2024-03-15,69516.0,2997
2024-03-16,65248.0,2998
2024-03-17,68352.0,2999
2024-03-18,67613.0,3000
2024-03-19,61897.0,3001
2024-03-20,67872.0,3002
2024-03-21,65485.0,3003
2024-03-22,63807.0,3004
2024-03-23,64001.0,3005
2024-03-24,67188.0,3006
2024-03-25,69898.0,3007
2024-03-26,69997.0,3008
2024-03-27,69421.0,3009
2024-03-28,70803.0,3010
2024-03-29,69903.0,3011
2024-03-30,69613.0,3012
2024-03-31,71285.0,3013
2024-04-01,69699.0,3014
2024-04-02,65469.0,3015
2024-04-03,65988.0,3016
2024-04-04,68538.0,3017
2024-04-05,67857.0,3018
2024-04-06,68917.0,3019
2024-04-07,69358.0,3020
2024-04-08,71613.0,3021
2024-04-09,69135.0,3022
2024-04-10,70630.0,3023
2024-04-11,70015.0,3024
2024-04-12,67150.0,3025
2024-04-13,64054.0,3026
2024-04-14,65749.0,3027
2024-04-15,63438.0,3028
2024-04-16,63830.0,3029
2024-04-17,61278.0,3030
2024-04-18,63515.0,3031
2024-04-19,63821.0,3032
2024-04-20,64990.0,3033
2024-04-21,64950.0,3034
2024-04-22,66855.0,3035
2024-04-23,66421.0,3036
2024-04-24,64259.0,3037
2024-04-25,64493.0,3038
2024-04-26,63745.0,3039
2024-04-27,63429.0,3040
2024-04-28,63098.0,3041
2024-04-29,63832.0,3042
2024-04-30,60632.0,3043
2024-05-01,58256.0,3044
2024-05-02,59099.0,3045
2024-05-03,62915.0,3046
2024-05-04,63899.0,3047
2024-05-05,64021.0,3048
2024-05-06,63164.0,3049
2024-05-07,62320.0,3050
2024-05-08,61181.0,3051
2024-05-09,63075.0,3052
2024-05-10,60793.0,3053
2024-05-11,60816.0,3054
2024-05-12,61462.0,3055
2024-05-13,62934.0,3056
2024-05-14,61543.0,3057
2024-05-15,66242.0,3058
2024-05-16,65252.0,3059
2024-05-17,67053.0,3060
2024-05-18,66930.0,3061
2024-05-19,66275.0,3062
2024-05-20,71401.0,3063
2024-05-21,70136.0,3064
2024-05-22,69118.0,3065
2024-05-23,67945.0,3066
2024-05-24,68548.0,3067
2024-05-25,69275.0,3068
2024-05-26,68489.0,3069
2024-05-27,69392.0,3070
2024-05-28,68327.0,3071
2024-05-29,67564.0,3072
2024-05-30,68338.0,3073
2024-05-31,67477.0,3074
2024-06-01,67723.0,3075
2024-06-02,67752.0,3076
2024-06-03,68801.0,3077
2024-06-04,70564.0,3078
2024-06-05,71119.0,3079
2024-06-06,70775.0,3080
2024-06-07,69326.0,3081
2024-06-08,69306.0,3082
2024-06-09,69640.0,3083
2024-06-10,69501.0,3084
2024-06-11,67306.0,3085
2024-06-12,68243.0,3086
2024-06-13,66733.0,3087
2024-06-14,65996.0,3088
2024-06-15,66182.0,3089
2024-06-16,66622.0,3090
2024-06-17,66475.0,3091
2024-06-18,65145.0,3092
2024-06-19,64946.0,3093
2024-06-20,64845.0,3094
2024-06-21,64102.0,3095
2024-06-22,64233.0,3096
2024-06-23,63154.0,3097
2024-06-24,60252.0,3098
2024-06-25,61789.0,3099
2024-06-26,60807.0,3100
2024-06-27,61622.0,3101
2024-06-28,60315.0,3102
2024-06-29,60879.0,3103
2024-06-30,62676.0,3104
2024-07-01,62829.0,3105
2024-07-02,62033.0,3106
2024-07-03,60142.0,3107
2024-07-04,57045.0,3108
2024-07-05,56632.0,3109
2024-07-06,58251.0,3110
2024-07-07,55829.0,3111
2024-07-08,56710.0,3112
2024-07-09,58033.0,3113
2024-07-10,57733.0,3114
2024-07-11,57348.0,3115
2024-07-12,57889.0,3116
2024-07-13,59226.0,3117
2024-07-14,60823.0,3118
2024-07-15,64769.0,3119
2024-07-16,65081.0,3120
2024-07-17,64091.0,3121
2024-07-18,63964.0,3122
2024-07-19,66705.0,3123
2024-07-20,67155.0,3124
2024-07-21,68158.0,3125
2024-07-22,67562.0,3126
2024-07-23,65944.0,3127
2024-07-24,65376.0,3128
2024-07-25,65796.0,3129
2024-07-26,67921.0,3130
2024-07-27,67892.0,3131
2024-07-28,68264.0,3132
2024-07-29,66780.0,3133
2024-07-30,66171.0,3134
2024-07-31,64612.0,3135
2024-08-01,65293.0,3136
2024-08-02,61421.0,3137
2024-08-03,60672.0,3138
2024-08-04,58142.0,3139
2024-08-05,54014.0,3140
2024-08-06,56053.0,3141
2024-08-07,55136.0,3142
2024-08-08,61699.0,3143
2024-08-09,60860.0,3144
2024-08-10,60952.0,3145
2024-08-11,58725.0,3146
2024-08-12,59362.0,3147
2024-08-13,60620.0,3148
2024-08-14,58697.0,3149
2024-08-15,57557.0,3150
2024-08-16,58883.0,3151
2024-08-17,59487.0,3152
2024-08-18,58430.0,3153
2024-08-19,59497.0,3154
2024-08-20,59012.0,3155
2024-08-21,61159.0,3156
2024-08-22,60383.0,3157
2024-08-23,64085.0,3158
2024-08-24,64174.0,3159
2024-08-25,64262.0,3160
2024-08-26,62852.0,3161
2024-08-27,59427.0,3162
2024-08-28,59033.0,3163
2024-08-29,59365.0,3164
2024-08-30,59113.0,3165
2024-08-31,58967.0,3166
2024-09-01,57310.0,3167
2024-09-02,59133.0,3168
2024-09-03,57493.0,3169
2024-09-04,57956.0,3170
2024-09-05,56158.0,3171
2024-09-06,53955.0,3172
2024-09-07,54147.0,3173
2024-09-08,54866.0,3174
2024-09-09,57059.0,3175
2024-09-10,57659.0,3176
2024-09-11,57342.0,3177
2024-09-12,58139.0,3178
2024-09-13,60545.0,3179
2024-09-14,60012.0,3180
2024-09-15,59130.0,3181
2024-09-16,58212.0,3182
2024-09-17,60316.0,3183
2024-09-18,61757.0,3184
2024-09-19,62940.0,3185
2024-09-20,63211.0,3186
2024-09-21,63364.0,3187
2024-09-22,63563.0,3188
2024-09-23,63325.0,3189
2024-09-24,64260.0,3190
2024-09-25,63147.0,3191
2024-09-26,65175.0,3192
2024-09-27,65781.0,3193
2024-09-28,65876.0,3194
2024-09-29,65601.0,3195
2024-09-30,63302.0,3196
2024-10-01,60807.0,3197
2024-10-02,60634.0,3198
2024-10-03,60745.0,3199
2024-10-04,62081.0,3200
2024-10-05,62063.0,3201
2024-10-06,62814.0,3202
2024-10-07,62212.0,3203
2024-10-08,62133.0,3204
2024-10-09,60582.0,3205
2024-10-10,60278.0,3206
2024-10-11,62452.0,3207
2024-10-12,63194.0,3208
2024-10-13,62849.0,3209
2024-10-14,66070.0,3210
2024-10-15,67061.0,3211
2024-10-16,67622.0,3212
2024-10-17,67392.0,3213
2024-10-18,68420.0,3214
2024-10-19,68359.0,3215
2024-10-20,69011.0,3216
2024-10-21,67340.0,3217
2024-10-22,67382.0,3218
2024-10-23,66601.0,3219
2024-10-24,68155.0,3220
2024-10-25,66578.0,3221
2024-10-26,67003.0,3222
2024-10-27,67938.0,3223
2024-10-28,69918.0,3224
2024-10-29,72729.0,3225
2024-10-30,72331.0,3226
2024-10-31,70231.0,3227
2024-11-01,69490.0,3228
2024-11-02,69330.0,3229
2024-11-03,68738.0,3230
2024-11-04,67818.0,3231
2024-11-05,69386.0,3232
2024-11-06,75637.0,3233
2024-11-07,75921.0,3234
2024-11-08,76561.0,3235
2024-11-09,76722.0,3236
2024-11-10,80425.0,3237
2024-11-11,88770.0,3238
2024-11-12,88031.0,3239
2024-11-13,90521.0,3240
2024-11-14,87333.0,3241
2024-11-15,91070.0,3242
2024-11-16,90608.0,3243
2024-11-17,89861.0,3244
2024-11-18,90512.0,3245
2024-11-19,92424.0,3246
2024-11-20,94373.0,3247
2024-11-21,98451.0,3248
2024-11-22,99013.0,3249
2024-11-23,97775.0,3250
2024-11-24,98007.0,3251
2024-11-25,93035.0,3252
2024-11-26,91928.0,3253
2024-11-27,95978.0,3254
2024-11-28,95661.0,3255
2024-11-29,97512.0,3256
2024-11-30,96441.0,3257
2024-12-01,97291.0,3258
2024-12-02,95859.0,3259
2024-12-03,95926.0,3260
2024-12-04,98773.0,3261
2024-12-05,97057.0,3262
2024-12-06,99898.0,3263
2024-12-07,99929.0,3264
2024-12-08,101204.0,3265
2024-12-09,97468.0,3266
2024-12-10,96648.0,3267
2024-12-11,101201.0,3268
2024-12-12,100068.0,3269
2024-12-13,101435.0,3270
2024-12-14,101382.0,3271
2024-12-15,104427.0,3272
2024-12-16,106073.0,3273
2024-12-17,106187.0,3274
2024-12-18,100153.0,3275
2024-12-19,97375.0,3276
2024-12-20,97760.0,3277
2024-12-21,97211.0,3278
2024-12-22,95098.0,3279
2024-12-23,94750.0,3280
2024-12-24,98596.0,3281
2024-12-25,99374.0,3282
2024-12-26,95687.0,3283
2024-12-27,94168.0,3284
2024-12-28,95139.0,3285
2024-12-29,93557.0,3286
2024-12-30,92628.0,3287
2024-12-31,93381.0,3288
2025-01-01,94388.0,3289
2025-01-02,96907.0,3290
2025-01-03,98133.0,3291
2025-01-04,98209.0,3292
2025-01-05,98327.0,3293
2025-01-06,102280.0,3294
2025-01-07,96946.0,3295
2025-01-08,95065.0,3296
2025-01-09,92542.0,3297
2025-01-10,94702.0,3298
2025-01-11,94568.0,3299
2025-01-12,94497.0,3300
2025-01-13,94505.0,3301
2025-01-14,96523.0,3302
2025-01-15,100512.0,3303
2025-01-16,99975.0,3304
2025-01-17,104119.0,3305
2025-01-18,104436.0,3306
2025-01-19,101237.0,3307
2025-01-20,102141.0,3308
2025-01-21,106149.0,3309
2025-01-22,103632.0,3310
2025-01-23,103933.0,3311
2025-01-24,104855.0,3312
2025-01-25,104738.0,3313
2025-01-26,102573.0,3314
2025-01-27,102090.0,3315
2025-01-28,101292.0,3316
2025-01-29,103747.0,3317
2025-01-30,104738.0,3318
2025-01-31,102412.0,3319
2025-02-01,100638.0,3320
2025-02-02,97675.0,3321
2025-02-03,101457.0,3322
2025-02-04,97786.0,3323
2025-02-05,96614.0,3324
2025-02-06,96573.0,3325
2025-02-07,96535.0,3326
2025-02-08,96472.0,3327
2025-02-09,96477.0,3328
2025-02-10,97469.0,3329
2025-02-11,95754.0,3330
2025-02-12,97882.0,3331
2025-02-13,96627.0,3332
2025-02-14,97520.0,3333
2025-02-15,97591.0,3334
2025-02-16,96132.0,3335
2025-02-17,95772.0,3336
2025-02-18,95612.0,3337
2025-02-19,96642.0,3338
2025-02-20,98337.0,3339
2025-02-21,96131.0,3340
2025-02-22,96572.0,3341
2025-02-23,96262.0,3342
2025-02-24,91554.0,3343
2025-02-25,88576.0,3344
2025-02-26,84071.0,3345
2025-02-27,84639.0,3346
2025-02-28,84321.0,3347
2025-03-01,86033.0,3348
2025-03-02,94273.0,3349
2025-03-03,86160.0,3350
2025-03-04,87240.0,3351
2025-03-05,90611.0,3352
2025-03-06,89918.0,3353
2025-03-07,86759.0,3354
2025-03-08,86192.0,3355
2025-03-09,80708.0,3356
2025-03-10,78561.0,3357
2025-03-11,82869.0,3358
2025-03-12,83620.0,3359
2025-03-13,81079.0,3360
2025-03-14,83975.0,3361
2025-03-15,84347.0,3362
2025-03-16,82555.0,3363
2025-03-17,84058.0,3364
2025-03-18,82715.0,3365
2025-03-19,86868.0,3366
2025-03-20,84158.0,3367
2025-03-21,84061.0,3368
2025-03-22,83823.0,3369
2025-03-23,86084.0,3370
2025-03-24,87512.0,3371
2025-03-25,87436.0,3372
2025-03-26,86913.0,3373
2025-03-27,87219.0,3374
2025-03-28,84379.0,3375
2025-03-29,82608.0,3376
2025-03-30,82359.0,3377
2025-03-31,82538.0,3378
2025-04-01,85170.0,3379
2025-04-02,82502.0,3380
2025-04-03,83132.0,3381
2025-04-04,83851.0,3382
2025-04-05,83507.0,3383
2025-04-06,78342.0,3384
2025-04-07,79127.0,3385
2025-04-08,76244.0,3386
2025-04-09,82595.0,3387
2025-04-10,79543.0,3388
2025-04-11,83384.0,3389
2025-04-12,85274.0,3390
2025-04-13,83712.0,3391
2025-04-14,84583.0,3392
2025-04-15,83686.0,3393
2025-04-16,84046.0,3394
2025-04-17,84954.0,3395
2025-04-18,84468.0,3396
2025-04-19,85069.0,3397
2025-04-20,85198.0,3398
2025-04-21,87505.0,3399
2025-04-22,93481.0,3400
2025-04-23,93730.0,3401
2025-04-24,94010.0,3402
2025-04-25,94726.0,3403
2025-04-26,94662.0,3404
2025-04-27,93769.0,3405
2025-04-28,95041.0,3406
2025-04-29,94285.0,3407
2025-04-30,94181.0,3408
2025-05-01,96535.0,3409
2025-05-02,96925.0,3410
2025-05-03,95916.0,3411
2025-05-04,94316.0,3412
2025-05-05,94725.0,3413
2025-05-06,96814.0,3414
2025-05-07,97054.0,3415
2025-05-08,103261.0,3416
2025-05-09,102991.0,3417
2025-05-10,104809.0,3418
2025-05-11,104129.0,3419
2025-05-12,102796.0,3420
2025-05-13,104135.0,3421
2025-05-14,103531.0,3422
2025-05-15,103793.0,3423
2025-05-16,103506.0,3424
2025-05-17,103153.0,3425
2025-05-18,106520.0,3426
2025-05-19,105622.0,3427
2025-05-20,106855.0,3428
2025-05-21,109682.0,3429
2025-05-22,111743.0,3430
2025-05-23,107329.0,3431
2025-05-24,107799.0,3432
2025-05-25,109068.0,3433
2025-05-26,109468.0,3434
2025-05-27,108980.0,3435
2025-05-28,107811.0,3436
2025-05-29,105578.0,3437
2025-05-30,104034.0,3438
2025-05-31,104646.0,3439
2025-06-01,105705.0,3440
2025-06-02,105905.0,3441
2025-06-03,105454.0,3442
2025-06-04,104745.0,3443
2025-06-05,101559.0,3444
2025-06-06,104393.0,3445
2025-06-07,105619.0,3446
2025-06-08,105792.0,3447
2025-06-09,110307.0,3448
2025-06-10,110292.0,3449
2025-06-11,108678.0,3450
2025-06-12,105731.0,3451
2025-06-13,106118.0,3452
2025-06-14,105464.0,3453
2025-06-15,105617.0,3454
2025-06-16,106829.0,3455
2025-06-17,104584.0,3456
2025-06-18,104922.0,3457
2025-06-19,104688.0,3458
2025-06-20,103316.0,3459
2025-06-21,102139.0,3460
2025-06-22,101015.0,3461
2025-06-23,105464.0,3462
2025-06-24,106131.0,3463
2025-06-25,107418.0,3464
2025-06-26,107004.0,3465
2025-06-27,107100.0,3466
2025-06-28,107348.0,3467
2025-06-29,108384.0,3468
2025-06-30,107179.0,3469
2025-07-01,105709.0,3470
2025-07-02,108885.0,3471
2025-07-03,109648.0,3472
2025-07-04,108033.0,3473
2025-07-05,108240.0,3474
2025-07-06,109233.0,3475
2025-07-07,108287.0,3476
2025-07-08,108947.0,3477
2025-07-09,111287.0,3478
2025-07-10,116031.0,3479
2025-07-11,117579.0,3480
2025-07-12,117464.0,3481
2025-07-13,119135.0,3482
2025-07-14,119879.0,3483
2025-07-15,117769.0,3484
2025-07-16,118718.0,3485
2025-07-17,119275.0,3486
2025-07-18,118022.0,3487
2025-07-19,117916.0,3488
2025-07-20,117339.0,3489
2025-07-21,117437.0,3490
2025-07-22,120011.0,3491
2025-07-23,118813.0,3492
2025-07-24,118347.0,3493
2025-07-25,117653.0,3494
2025-07-26,117962.0,3495
2025-07-27,119469.0,3496
2025-07-28,118051.0,3497
2025-07-29,117926.0,3498
2025-07-30,117834.0,3499
2025-07-31,115750.0,3500
2025-08-01,113243.0,3501
2025-08-02,112522.0,3502
2025-08-03,114226.0,3503
2025-08-04,115051.0,3504
2025-08-05,114133.0,3505
2025-08-06,115030.0,3506
2025-08-07,117515.0,3507
2025-08-08,116675.0,3508
2025-08-09,116495.0,3509
2025-08-10,119310.0,3510
2025-08-11,118712.0,3511
2025-08-12,120107.0,3512
2025-08-13,123360.0,3513
2025-08-14,118394.0,3514
2025-08-15,117446.0,3515
2025-08-16,117460.0,3516
2025-08-17,117490.0,3517
2025-08-18,116265.0,3518
2025-08-19,112870.0,3519
2025-08-20,114263.0,3520
2025-08-21,112472.0,3521
2025-08-22,116891.0,3522
2025-08-23,115392.0,3523
2025-08-24,113478.0,3524
2025-08-25,110136.0,3525
2025-08-26,111788.0,3526
2025-08-27,111273.0,3527
2025-08-28,112581.0,3528
2025-08-29,108362.0,3529
2025-08-30,108827.0,3530
2025-08-31,108269.0,3531
2025-09-01,109244.0,3532
2025-09-02,111238.0,3533
2025-09-03,111759.0,3534
2025-09-04,110747.0,3535
2025-09-05,110669.0,3536
2025-09-06,110223.0,3537
2025-09-07,111144.0,3538
2025-09-08,112098.0,3539
2025-09-09,111531.0,3540
2025-09-10,113988.0,3541
2025-09-11,115533.0,3542
2025-09-12,116108.0,3543
2025-09-13,115981.0,3544
2025-09-14,115342.0,3545
2025-09-15,115387.0,3546
2025-09-16,116837.0,3547
2025-09-17,116477.0,3548
2025-09-18,117125.0,3549
2025-09-19,115702.0,3550
2025-09-20,115759.0,3551
2025-09-21,115292.0,3552
2025-09-22,112741.0,3553
2025-09-23,112025.0,3554
2025-09-24,113339.0,3555
2025-09-25,109021.0,3556
2025-09-26,109696.0,3557
2025-09-27,109679.0,3558
2025-09-28,112203.0,3559
2025-09-29,114379.0,3560
2025-09-30,114065.0,3561
2025-10-01,118668.0,3562
2025-10-02,120612.0,3563
2025-10-03,122308.0,3564
2025-10-04,122441.0,3565
2025-10-05,123519.0,3566
2025-10-06,124728.0,3567
2025-10-07,121395.0,3568
2025-10-08,123345.0,3569
2025-10-09,121695.0,3570
2025-10-10,112996.0,3571
2025-10-11,110764.0,3572
2025-10-12,115090.0,3573
2025-10-13,115265.0,3574
2025-10-14,113078.0,3575
2025-10-15,110804.0,3576
2025-10-16,108206.0,3577
2025-10-17,106476.0,3578
2025-10-18,107220.0,3579
2025-10-19,108684.0,3580
2025-10-20,110580.0,3581
2025-10-21,108372.0,3582
2025-10-22,107595.0,3583
2025-10-23,110111.0,3584
2025-10-24,111039.0,3585
2025-10-25,111668.0,3586
2025-10-26,114551.0,3587
2025-10-27,114101.0,3588
2025-10-28,112925.0,3589
2025-10-29,110038.0,3590
2025-10-30,108306.0,3591
2025-10-31,109554.0,3592
2025-11-01,110047.0,3593
2025-11-02,110530.0,3594
2025-11-03,106548.0,3595
2025-11-04,101466.0,3596
2025-11-05,103865.0,3597
2025-11-06,101284.0,3598
2025-11-07,103275.0,3599
2025-11-08,102286.0,3600
2025-11-09,104705.0,3601
2025-11-10,105972.0,3602
2025-11-11,103015.0,3603
2025-11-12,101635.0,3604
2025-11-13,99618.0,3605
2025-11-14,94509.0,3606
2025-11-15,95539.0,3607
2025-11-16,94187.0,3608
2025-11-17,92102.0,3609
2025-11-18,92911.0,3610
2025-11-19,91474.0,3611
2025-11-20,86527.0,3612
2025-11-21,85060.0,3613
2025-11-22,84679.0,3614
2025-11-23,86803.0,3615
2025-11-24,88277.0,3616
2025-11-25,87331.0,3617
2025-11-26,90477.0,3618
2025-11-27,90348.0,3619
